catalyst,attached_energy_ev,carrier_energy_ev,O2_energy_ev,OOH_energy_ev,d_band_center,bader_charge,,property
Ag@B1C1N1O1,-54717.3556,-50717.88243,-58800.11853,-58833.46601,-0.411573764,0.460985,,-2.76293
Ag@B1C1N1P1,-61948.28183,-57950.45855,-66031.44522,-66064.39554,-0.484949946,0.217975,,-3.16339
Ag@B1C1N1S1,-63494.71606,-59497.44615,-67577.96448,-67610.94022,-0.457057121,0.379208,,-3.24842
Ag@B1C1N2-hex,-54162.23094,-50161.48363,-58245.40039,-58278.49548,-0.421016046,0.505285,,-3.16945
Ag@B1C1N2-opp,-54161.71208,-50161.46741,-58244.91463,-58277.77621,-0.443122209,0.610291,,-3.20255
Ag@B1C1N2-pen,-54161.89033,-50161.24474,-58244.71467,-58278.06455,-0.420779696,0.533616,,-2.82434
Ag@B1C1O1S1,-64049.3552,-60053.24075,-68132.41464,-68165.48254,-0.459553811,0.359472,,-3.05944
Ag@B1C1O2-hex,-55271.66731,-51273.49656,-59354.64354,-59387.95499,-0.42206959,0.449839,,-2.97623
Ag@B1C1O2-opp,-55270.41932,-51272.43392,-59353.56164,-59386.51214,-0.445006599,0.660689,,-3.14232
Ag@B1C1O2-pen,-55271.07613,-51272.01802,-59354.14527,-59387.12147,-0.421151756,0.483142,,-3.06914
Ag@B1C2N1-hex,-53708.06813,-49707.85107,-57791.38703,-57824.41903,-0.445769735,0.488641,,-3.3189
Ag@B1C2N1-opp,-53708.36867,-49707.51981,-57791.21348,-57824.59005,-0.425979165,0.460601,,-2.84481
Ag@B1C2N1-pen,-53708.63863,-49707.77475,-57791.63504,-57824.72039,-0.437658877,0.485843,,-2.99641
Ag@B1C2O1-hex,-54262.3784,-50262.92238,-58345.56719,-58378.77203,-0.441918708,0.491776,,-3.18879
Ag@B1C2O1-opp,-54263.18216,-50263.22639,-58346.52228,-58379.39397,-0.39615311,0.411632,,-3.34012
Ag@B1C2O1-pen,-54263.30218,-50263.54696,-58346.27843,-58379.60433,-0.423502535,0.47247,,-2.97625
Ag@B1N1O2-hex,-55724.34822,-51727.02829,-59807.37743,-59840.39628,-0.438208468,0.599687,,-3.02921
Ag@B1N1O2-opp,-55723.8523,-51726.64361,-59806.97728,-59839.9535,-0.431280077,0.679967,,-3.12498
Ag@B1N1O2-pen,-55724.15589,-51726.61206,-59807.26247,-59840.14909,-0.439154306,0.626551,,-3.10658
Ag@B1N2O1-hex,-55169.09576,-51170.18379,-59251.99443,-59285.28452,-0.433658053,0.65125,,-2.89867
Ag@B1N2O1-opp,-55170.18186,-51171.05647,-59253.43358,-59286.33584,-0.424480756,0.589242,,-3.25172
Ag@B1N2O1-pen,-55170.19328,-51171.31806,-59253.00355,-59286.10172,-0.430672878,0.634702,,-2.81027
Ag@B1N2S1-hex,-63948.41123,-59950.8703,-68031.46486,-68064.44031,-0.479179539,0.478041,,-3.05363
Ag@B1N2S1-opp,-63947.95993,-59951.24637,-68031.04217,-68064.03712,-0.476277934,0.518515,,-3.08224
Ag@B1N2S1-pen,-63948.16418,-59951.03898,-68031.19896,-68064.26404,-0.469315812,0.475927,,-3.03478
Ag@B1N3,-54615.09332,-50614.99151,-58698.59558,-58731.2266,-0.430543083,0.621273,,-3.50226
Ag@B1O2S1-hex,-65056.88133,-61062.44165,-69140.26776,-69173.15496,-0.479834773,0.458682,,-3.38643
Ag@B1O2S1-opp,-65055.8172,-61061.94769,-69139.16761,-69171.79088,-0.458590535,0.528456,,-3.35041
Ag@B1O2S1-pen,-65056.29117,-61061.94948,-69139.46245,-69172.43557,-0.471421473,0.476868,,-3.17128
Ag@C1N1O1P1,-63316.05751,-59318.59461,-67399.14848,-67432.21041,-0.509426705,0.562833,,-3.09097
Ag@C1N1O1S1,-64861.77042,-60866.22513,-68945.23798,-68977.88898,-0.481287109,0.787829,,-3.46756
Ag@C1N1O2-hex,-56084.19224,-52086.22053,-60167.33575,-60200.29167,-0.445790913,0.921993,,-3.14351
Ag@C1N1O2-opp,-56084.15481,-52086.49578,-60167.42302,-60200.29826,-0.417613762,0.922834,,-3.26821
Ag@C1N1O2-pen,-56084.16226,-52086.20751,-60167.15037,-60200.2577,-0.436023843,0.926316,,-2.98811
Ag@C1N2O1-hex,-55529.74238,-51529.85392,-59612.86127,-59645.69595,-0.441914128,0.96225,,-3.11889
Ag@C1N2O1-opp,-55530.28007,-51530.38125,-59613.41544,-59646.23882,-0.441505256,0.939243,,-3.13537
Ag@C1N2O1-pen,-55530.19778,-51530.68773,-59613.41436,-59646.44879,-0.439846106,0.952237,,-3.21658
Ag@C1N2P1-hex,-62763.15885,-58764.23229,-66846.37965,-66879.38263,-0.503316526,0.353754,,-3.2208
Ag@C1N2P1-opp,-62762.41749,-58763.62269,-66845.73756,-66878.64069,-0.50884849,0.522847,,-3.32007
Ag@C1N2P1-pen,-62762.82876,-58763.67616,-66846.22976,-66878.85735,-0.501896341,0.3958,,-3.401
Ag@C1N2S1-hex,-64308.31447,-60310.2523,-68391.71065,-68424.47524,-0.508113827,0.803241,,-3.39618
Ag@C1N2S1-opp,-64308.12117,-60310.66568,-68391.55022,-68424.41951,-0.513700436,0.816988,,-3.42905
Ag@C1N2S1-pen,-64308.35349,-60310.58716,-68391.42459,-68424.42334,-0.503493286,0.80228,,-3.0711
Ag@C1O1P1S1,-72648.46745,-68654.1181,-76731.7376,-76764.63343,-0.573607759,0.251448,,-3.27015
Ag@C1O2P1-hex,-63871.68653,-59875.89684,-67955.11953,-67987.96445,-0.483979422,0.329596,,-3.433
Ag@C1O2P1-opp,-63870.56403,-59874.86892,-67953.63437,-67986.67058,-0.437534346,0.529594,,-3.07034
Ag@C1O2P1-pen,-63870.93891,-59874.56245,-67954.31063,-67987.32482,-0.47335823,0.369453,,-3.37172
Ag@C1O2S1-hex,-65416.72785,-61422.01023,-69499.81946,-69532.79789,-0.479391596,0.775673,,-3.09161
Ag@C1O2S1-opp,-65416.43452,-61422.19811,-69499.54097,-69532.48186,-0.435387272,0.721996,,-3.10645
Ag@C1O2S1-pen,-65416.55106,-61421.92545,-69499.31614,-69532.67933,-0.460566477,0.739886,,-2.76508
Ag@C2N1O1-hex,-55077.54368,-51077.08062,-59160.7043,-59193.60097,-0.430098249,0.79753,,-3.16062
Ag@C2N1O1-opp,-55076.43186,-51075.89229,-59159.74432,-59192.40105,-0.455120099,0.896887,,-3.31246
Ag@C2N1O1-pen,-55077.16459,-51076.48644,-59160.42936,-59193.48797,-0.431703967,0.825168,,-3.26477
Ag@C2N1P1-hex,-62309.44446,-58310.14336,-66392.77342,-66425.81765,-0.487270196,0.416564,,-3.32896
Ag@C2N1P1-opp,-62309.76374,-58310.33694,-66392.9118,-66425.65143,-0.473686148,0.297491,,-3.14806
Ag@C2N1P1-pen,-62309.47035,-58310.49875,-66392.32514,-66425.54212,-0.487531154,0.374731,,-2.85479
Ag@C2N1S1-hex,-63855.66187,-59857.03402,-67938.91175,-67971.85976,-0.486972742,0.674147,,-3.24988
Ag@C2N1S1-opp,-63855.35627,-59856.21975,-67938.51071,-67971.43354,-0.486193497,0.727477,,-3.15444
Ag@C2N1S1-pen,-63855.36122,-59856.42858,-67938.16802,-67971.47105,-0.489429038,0.70614,,-2.8068
Ag@C2N2-hex,-54522.88667,-50521.04974,-58606.01843,-58638.9432,-0.435342943,0.800605,,-3.13176
Ag@C2N2-opp,-54522.12736,-50520.61261,-58605.58507,-58638.29026,-0.446513336,0.879889,,-3.45771
Ag@C2N2-pen,-54522.73576,-50520.6417,-58605.87645,-58638.94833,-0.434116041,0.837898,,-3.14069
Ag@C2O1P1-hex,-62864.25921,-58865.68788,-66947.00777,-66980.11491,-0.461840721,0.425317,,-2.74856
Ag@C2O1P1-opp,-62864.16374,-58865.89327,-66947.41991,-66980.45702,-0.47759488,0.251632,,-3.25617
Ag@C2O1P1-pen,-62863.71514,-58865.35581,-66947.04389,-66979.82733,-0.464963254,0.347575,,-3.32875
Ag@C2O1S1-hex,-64409.97863,-60413.10529,-68493.18315,-68525.96686,-0.476539231,0.655989,,-3.20452
Ag@C2O1S1-opp,-64409.35922,-60411.81891,-68492.48679,-68525.62582,-0.49147209,0.729198,,-3.12757
Ag@C2O1S1-pen,-64409.208,-60411.98481,-68492.42759,-68525.37817,-0.478240009,0.699627,,-3.21959
Ag@C2O2-hex,-55631.99815,-51632.96429,-59715.07734,-59748.06354,-0.439673277,0.765345,,-3.07919
Ag@C2O2-opp,-55630.09037,-51631.69742,-59713.01561,-59746.53685,-0.424689035,0.88843,,-2.92524
Ag@C2O2-pen,-55631.28231,-51632.01693,-59714.58789,-59747.308,-0.439379141,0.820285,,-3.30558
Ag@C3N1,-54069.41591,-50067.44596,-58152.31033,-58185.57108,-0.436194159,0.749997,,-2.89442
Ag@C3O1,-54624.19883,-50623.27433,-58707.39508,-58740.38478,-0.424036574,0.740698,,-3.19625
Ag@N1O2P1-hex,-64324.08315,-60329.04887,-68406.9704,-68440.13262,-0.467088344,0.493055,,-2.88725
Ag@N1O2P1-opp,-64323.98678,-60328.95496,-68406.75415,-68440.01103,-0.434244359,0.498415,,-2.76737
Ag@N1O2P1-pen,-64323.65277,-60328.58522,-68406.44228,-68439.5806,-0.4601486,0.486305,,-2.78951
Ag@N1O2S1-hex,-65869.49467,-61875.9494,-69952.61243,-69985.69277,-0.450936221,0.816051,,-3.11776
Ag@N1O2S1-opp,-65869.76981,-61876.35338,-69953.01327,-69985.99061,-0.426749062,0.762851,,-3.24346
Ag@N1O2S1-pen,-65869.48741,-61876.17863,-69952.70439,-69985.5188,-0.438631384,0.770564,,-3.21698
Ag@N2O1P1-hex,-63769.63545,-59772.85543,-67852.84854,-67885.88146,-0.456280924,0.52815,,-3.21309
Ag@N2O1P1-opp,-63769.96192,-59773.36574,-67853.17529,-67886.00648,-0.526338467,0.486136,,-3.21337
Ag@N2O1P1-pen,-63769.44552,-59772.94867,-67852.47298,-67885.37151,-0.523901154,0.508401,,-3.02746
Ag@N2O1S1-hex,-65315.23617,-61320.16481,-69398.4633,-69431.42262,-0.458470735,0.831302,,-3.22713
Ag@N2O1S1-opp,-65315.14401,-61320.0979,-69398.40508,-69431.37427,-0.460419807,0.854499,,-3.26107
Ag@N2O1S1-pen,-65314.79903,-61320.00461,-69398.09343,-69430.90772,-0.453592142,0.841585,,-3.2944
Ag@N2O2-hex,-56536.97773,-52540.20351,-60619.8479,-60653.00329,-0.411160514,0.952726,,-2.87017
Ag@N2O2-opp,-56536.82251,-52539.77102,-60620.22748,-60653.08908,-0.401710983,0.959973,,-3.40497
Ag@N2O2-pen,-56536.93128,-52540.0453,-60620.2671,-60653.11028,-0.409145131,0.964626,,-3.33582
Ag@N2P1S1-opp,-72547.5394,-68553.50798,-76630.89238,-76663.68171,-0.549993221,0.407307,,-3.35298
Ag@N3S1,-64760.88413,-60764.18862,-68843.9511,-68877.07959,-0.468618811,0.874583,,-3.06697
Ag@O2P1S1-hex,-73655.47092,-69663.92456,-77738.71528,-77771.55259,-0.582327929,0.370727,,-3.24436
Ag@O2P1S1-pen,-73655.8286,-69664.2905,-77739.16234,-77771.95609,-0.48008284,0.344851,,-3.33374
Cd@B1C1N1O1,-55280.55597,-50717.57593,-59363.63211,-59396.70479,-0.619277908,0.845892,,-3.07614
Cd@B1C1N1S1,-64057.3509,-59497.44615,-68140.67453,-68173.46472,-0.648699006,0.691528,,-3.32363
Cd@B1C1N2-hex,-54725.77311,-50161.48363,-58808.78641,-58841.98919,-0.600947349,0.845878,,-3.0133
Cd@B1C1N2-opp,-54724.91041,-50161.46741,-58808.39883,-58841.21034,-0.605077699,0.957133,,-3.48842
Cd@B1C1N2-pen,-54725.29537,-50161.24474,-58808.73051,-58841.56626,-0.601462584,0.866775,,-3.43514
Cd@B1C1O2-hex,-55834.75254,-51273.49656,-59917.78134,-59950.97043,-0.631432822,0.830435,,-3.0288
Cd@B1C1O2-opp,-55833.78666,-51272.43392,-59916.59344,-59949.74213,-0.582748958,0.899213,,-2.80678
Cd@B1C1O2-pen,-55833.74558,-51272.01802,-59916.58506,-59949.69899,-0.627685666,0.878059,,-2.83948
Cd@B1C2N1-hex,-54271.57024,-49707.85107,-58354.59535,-58387.76102,-0.590502765,0.827988,,-3.02511
Cd@B1C2N1-opp,-54272.32393,-49707.51981,-58355.78564,-58388.50872,-0.581789789,0.770945,,-3.46171
Cd@B1C2N1-pen,-54272.3062,-49707.77475,-58355.50276,-58388.48291,-0.588389805,0.813202,,-3.19656
Cd@B1C2O1-hex,-54825.51762,-50262.81658,-58908.79696,-58941.89015,-0.599941875,0.825339,,-3.27934
Cd@B1C2O1-pen,-54826.85789,-50263.54696,-58910.20509,-58943.40316,-0.602701741,0.799232,,-3.3472
Cd@B1N1O2-hex,-56286.85943,-51727.02829,-60370.12437,-60402.97401,-0.617210838,0.957824,,-3.26494
Cd@B1N1O2-opp,-56287.4082,-51726.52748,-60370.38365,-60403.35699,-0.591224293,0.951234,,-2.97545
Cd@B1N1O2-pen,-56286.89663,-51726.39118,-60370.12422,-60403.09618,-0.607429181,0.990887,,-3.22759
Cd@B1N2O1-opp,-55733.01751,-51171.05647,-59816.08538,-59848.94794,-0.629260659,1.009779,,-3.06787
Cd@B1N2O1-pen,-55732.81112,-51171.31806,-59815.9764,-59849.09255,-0.61196195,0.998157,,-3.16528
Cd@B1N2S1-opp,-64509.87441,-59951.24652,-68593.01041,-68625.92438,-0.66141895,0.858549,,-3.136
Cd@B1N3,-55178.22478,-50614.99328,-59261.50365,-59294.34306,-0.616632243,0.987223,,-3.27887
Cd@B1O2S1-hex,-65618.47382,-61062.44165,-69701.66818,-69734.46588,-0.671665134,0.81701,,-3.19436
Cd@B1O2S1-opp,-65618.59544,-61061.94769,-69701.80681,-69734.86407,-0.632175565,0.783104,,-3.21137
Cd@C1N1O1S1,-65424.42831,-60866.22513,-69507.60724,-69540.69254,-0.617964679,1.090802,,-3.17893
Cd@C1N1O2-hex,-56647.48872,-52086.22053,-60730.23885,-60763.48083,-0.58836956,0.836784,,-2.75013
Cd@C1N1O2-opp,-56648.37513,-52086.49578,-60731.69318,-60764.44369,-0.563088968,1.051907,,-3.31805
Cd@C1N1O2-pen,-56647.79101,-52086.19714,-60730.5521,-60763.94158,-0.574344825,1.201387,,-2.76109
Cd@C1N1P1S1,-72655.56339,-68098.81777,-76738.76082,-76771.61609,-0.692624162,1.196149,,-3.19743
Cd@C1N2O1-hex,-56092.84771,-51529.85206,-60176.18462,-60209.14066,-0.570250256,0.133369,,-3.33691
Cd@C1N2O1-opp,-56093.07321,-51530.46853,-60176.50979,-60209.303,-0.590776516,1.03471,,-3.43658
Cd@C1N2O1-pen,-56093.46662,-51530.64855,-60176.38003,-60209.53332,-0.582274334,1.178469,,-2.91341
Cd@C1N2P1-hex,-63325.24601,-58764.23229,-67408.28822,-67441.2144,-0.656529961,1.237142,,-3.04221
Cd@C1N2P1-opp,-63324.55277,-58763.62469,-67407.80399,-67440.6238,-0.636403591,1.218586,,-3.25122
Cd@C1N2P1-pen,-63324.74715,-58763.69737,-67407.901,-67441.04851,-0.653080645,0.7415,,-3.15385
Cd@C1N2S1-hex,-64870.21557,-60310.32546,-68953.70868,-68986.27114,-0.640704494,0.901253,,-3.49311
Cd@C1N2S1-opp,-64870.28213,-60310.66568,-68953.5622,-68986.45871,-0.640581789,0.784843,,-3.28007
Cd@C1N2S1-pen,-64870.32177,-60310.6771,-68953.56106,-68986.46036,-0.637222839,1.089344,,-3.23929
Cd@C1N3,-55538.56975,-50974.28955,-59621.64806,-59654.72539,-0.588324093,1.105899,,-3.07831
Cd@C1O1P1S1,-73209.58417,-68654.1181,-77292.75354,-77325.75082,-0.683388149,1.233048,,-3.16937
Cd@C1O2P1-hex,-64433.43816,-59875.89684,-68516.66779,-68549.41265,-0.659482768,0.19312,,-3.22963
Cd@C1O2P1-opp,-64433.7305,-59874.86892,-68517.2094,-68550.17809,-0.598886976,1.113831,,-3.4789
Cd@C1O2P1-pen,-64433.11417,-59874.56245,-68516.4336,-68549.18115,-0.627335958,0.816149,,-3.31943
Cd@C1O2S1-hex,-65979.01838,-61422.11946,-70062.09187,-70094.90664,-0.639314012,0.83675,,-3.07349
Cd@C1O2S1-opp,-65979.64641,-61422.13008,-70062.98676,-70095.89962,-0.626589544,0.864394,,-3.34035
Cd@C1O2S1-pen,-65979.42537,-61422.09147,-70062.62507,-70095.468,-0.62796773,1.100066,,-3.1997
Cd@C2N1O1-hex,-55640.15832,-51077.08062,-59723.18502,-59756.3189,-0.615376749,1.066838,,-3.0267
Cd@C2N1O1-opp,-55639.41752,-51075.89047,-59722.41496,-59755.45283,-0.583866424,0.803938,,-2.99744
Cd@C2N1P1-hex,-62872.12501,-58310.15311,-66955.12232,-66988.1493,-0.650751441,1.133251,,-2.99731
Cd@C2N1P1-opp,-62872.29156,-58310.33694,-66955.0995,-66988.38649,-0.649687728,1.144143,,-2.80794
Cd@C2N1P1-pen,-62871.65448,-58310.30258,-66955.04651,-66987.92976,-0.650410496,0.763381,,-3.39203
Cd@C2N1S1-hex,-64417.50521,-59857.03402,-68500.56499,-68533.70366,-0.660671031,0.622472,,-3.05978
Cd@C2N1S1-opp,-64417.1766,-59856.56161,-68500.47196,-68533.24089,-0.646642433,0.724872,,-3.29536
Cd@C2N1S1-pen,-64417.04013,-59856.42858,-68500.0661,-68533.25102,-0.659944015,0.984789,,-3.02597
Cd@C2N2-hex,-55083.61748,-50521.04974,-59169.32374,-59202.03741,-0.6166488,1.015406,,-5.70626
Cd@C2N2-opp,-55082.92755,-50520.61261,-59168.49345,-59201.17759,-0.604883662,1.011428,,-5.5659
Cd@C2N2-pen,-55085.56209,-50520.6417,-59168.94349,-59201.76263,-0.61328949,1.118624,,-3.3814
Cd@C2O1P1-hex,-63426.02416,-58865.68788,-67508.93525,-67542.36876,-0.656915255,1.156213,,-2.91109
Cd@C2O1P1-opp,-63426.23361,-58865.89327,-67509.31762,-67542.33744,-0.658462938,0.85398,,-3.08401
Cd@C2O1S1-hex,-64971.93979,-60413.1685,-69054.81168,-69087.82075,-0.651620794,0.634294,,-2.87189
Cd@C2O1S1-opp,-64971.5302,-60412.14045,-69054.50975,-69087.59872,-0.633027598,0.721903,,-2.97955
Cd@C2O1S1-pen,-64971.16183,-60411.9761,-69054.28625,-69087.159,-0.645064843,0.975375,,-3.12442
Cd@C2O2-opp,-56193.95468,-51631.69745,-60277.43424,-60310.04658,-0.545585484,1.010098,,-3.47956
Cd@C3O1,-55187.2589,-50623.26876,-59270.37457,-59303.16463,-0.617267979,1.135338,,-3.11567
Cd@N1O2P1-hex,-64886.69702,-60329.15358,-68969.81655,-69002.68854,-0.628329915,0.170262,,-3.11953
Cd@N1O2P1-pen,-64886.75715,-60328.80617,-68969.90876,-69002.8959,-0.616834749,1.417067,,-3.15161
Cd@N1O2S1-hex,-66432.74618,-61875.90414,-70515.7617,-70548.58638,-0.643779989,0.964367,,-3.01552
Cd@N2O1P1-hex,-64332.505,-59772.85543,-68415.72145,-68448.64799,-0.606056955,1.186475,,-3.21645
Cd@N2O1P1-pen,-64332.07053,-59772.94867,-68415.28329,-68448.23262,-0.612548562,1.302948,,-3.21276
Cd@N2O1S1-hex,-65878.5041,-61320.26157,-69961.66822,-69994.43137,-0.623175612,0.934763,,-3.16412
Cd@N2O1S1-opp,-65878.24139,-61320.21577,-69961.44827,-69994.39756,-0.622466186,0.976605,,-3.20688
Cd@N2O1S1-pen,-65878.17366,-61320.03855,-69961.41479,-69994.09235,-0.621297447,0.933744,,-3.24113
Cd@N2O2-hex,-57101.19506,-52540.02458,-61184.54703,-61217.37347,-0.581514824,1.166602,,-3.35197
Cd@N2O2-opp,-57101.76964,-52539.77055,-61184.66766,-61217.65317,-0.577194445,1.176371,,-2.89802
Cd@N2O2-pen,-57101.41007,-52540.0453,-61184.5951,-61217.55288,-0.581464507,1.161571,,-3.18503
Cd@N2P1S1-hex,-73108.60432,-68552.54581,-77191.69038,-77224.49336,-0.67451447,1.278857,,-3.08606
Cd@N2P1S1-opp,-73109.109,-68553.50798,-77192.25428,-77225.16812,-0.671273208,1.304995,,-3.14528
Cd@N2P1S1-pen,-73109.07723,-68553.02742,-77192.33687,-77225.09087,-0.671601628,0.147904,,-3.25964
Cd@N3O1,-56546.91338,-51984.27845,-60629.89428,-60662.85871,-0.563678752,0.798754,,-2.9809
Cd@N3P1,-63777.71604,-59217.19888,-67860.87453,-67893.71325,-0.62176217,0.389086,,-3.15849
Cd@N3S1,-65323.6742,-60764.27475,-69406.91496,-69439.63712,-0.608881741,1.235593,,-3.24076
Cd@N4,-55991.92009,-51427.83064,-60074.97758,-60108.06567,-0.564269305,1.27601,,-3.05749
Cd@O2P1S1-hex,-74217.03232,-69663.92456,-78300.33894,-78333.07692,-0.67616757,1.270662,,-3.30662
Cd@O2P1S1-opp,-74218.50379,-69664.66775,-78301.29439,-78334.6579,-0.674451894,-0.759191,,-2.7906
Cd@O2P1S1-pen,-74218.03598,-69664.2905,-78300.89013,-78334.1334,-0.678740432,0.242081,,-2.85415
Co@B1C1N1O1,-88336.89827,-50717.57593,-92420.11661,-92453.06882,-0.282754256,0.820825,,-3.21834
Co@B1C1N1S1,-97115.90745,-59497.44615,-101198.9945,-101231.8097,-0.254672581,0.57823,,-3.08708
Co@B1C1N2-hex,-87781.99287,-50161.48363,-91864.80754,-91898.07776,-0.24359621,0.03146,,-2.81467
Co@B1C1N2-opp,-87781.76843,-50161.46741,-91864.58112,-91897.89415,-0.288577504,0.762135,,-2.81269
Co@B1C1N2-pen,-87781.68271,-50161.24474,-91864.35022,-91897.82479,-0.247407115,0.592542,,-2.66751
Co@B1C1O1S1,-97670.40687,-60053.24075,-101753.606,-101786.599,-0.253460034,0.803237,,-3.19914
Co@B1C1O2-hex,-88891.30771,-51273.49656,-92974.29208,-93007.53378,-0.286795277,0.811215,,-2.98437
Co@B1C1O2-opp,-88890.8111,-51272.43392,-92973.93286,-93006.78986,-0.286570114,0.060742,,-3.12176
Co@B1C1O2-pen,-88890.54251,-51272.01802,-92973.54994,-93007.03178,-0.28843177,0.557273,,-3.00743
Co@B1C2N1-hex,-87328.10279,-49707.85107,-91411.4604,-91444.28135,-0.272557951,0.699519,,-3.35761
Co@B1C2N1-opp,-87328.09229,-49707.51981,-91411.38779,-91444.32009,-0.279047434,0.781021,,-3.2955
Co@B1C2N1-pen,-87328.30239,-49707.77475,-91411.64838,-91444.54749,-0.27442503,0.726982,,-3.34599
Co@B1C2O1-hex,-87882.54832,-50262.82911,-91965.6646,-91998.86548,-0.252609445,0.696216,,-3.11628
Co@B1C2O1-opp,-87882.65729,-50263.22639,-91966.17182,-91999.10383,-0.289073829,0.763702,,-3.51453
Co@B1C2O1-pen,-87883.11836,-50263.54696,-91966.39391,-91999.41188,-0.288894587,0.727121,,-3.27555
Co@B1N1O2-hex,-89344.42647,-51727.02829,-93427.35843,-93460.53805,-0.243693651,0.76655,,-2.93196
Co@B1N1O2-opp,-89344.30621,-51726.53103,-93427.5204,-93460.31626,-0.247207435,0.769773,,-3.21419
Co@B1N1O2-pen,-89344.33655,-51726.14999,-93427.46479,-93460.48964,-0.291204822,0.252455,,-3.12824
Co@B1N2O1-hex,-88789.37076,-51170.18379,-92872.07808,-92905.55624,-0.27174402,0.779786,,-2.70732
Co@B1N2O1-opp,-88789.98329,-51171.05647,-92873.264,-92906.11114,-0.250358973,-0.681078,,-3.28071
Co@B1N2O1-pen,-88790.05089,-51171.31806,-92872.80956,-92906.28932,-0.256271516,0.252434,,-2.75867
Co@B1N2S1-hex,-97569.84037,-59950.97333,-101652.945,-101686.0567,-0.242526438,0.812336,,-3.10466
Co@B1N2S1-opp,-97569.31239,-59951.24652,-101652.5055,-101685.4804,-0.281254818,0.800701,,-3.19307
Co@B1N2S1-pen,-97569.30427,-59951.03898,-101652.3389,-101685.6222,-0.249277601,0.834612,,-3.0346
Co@B1N3,-88235.1824,-50614.98235,-92318.45882,-92351.26302,-0.252321474,0.610469,,-3.27642
Co@B1O2S1-hex,-98678.90619,-61062.44165,-102762.3076,-102795.1119,-0.262065363,0.851425,,-3.40144
Co@B1O2S1-opp,-98678.16201,-61061.94769,-102761.2274,-102794.293,-0.253431345,-0.691689,,-3.06543
Co@B1O2S1-pen,-98678.54584,-61061.74012,-102761.5071,-102794.6706,-0.255984977,0.266549,,-2.96123
Co@C1N1O1P1,-96937.87727,-59318.66049,-101021.0978,-101054.0646,-0.249694589,0.565099,,-3.22048
Co@C1N1O1S1,-98484.41049,-60866.22513,-102567.7307,-102600.5687,-0.246004609,0.532882,,-3.32024
Co@C1N1O2-opp,-89705.37046,-52086.49578,-93788.51807,-93821.32574,-0.246406449,0.751133,,-3.14761
Co@C1N1O2-pen,-89705.07742,-52086.19714,-93788.1349,-93821.35971,-0.244139697,0.762947,,-3.05748
Co@C1N1P1S1,-105718.0058,-68098.88887,-109801.1744,-109834.1281,-0.251008921,0.942954,,-3.16867
Co@C1N2O1-hex,-89150.47968,-51529.85392,-93233.38356,-93266.64964,-0.263462754,-0.24301,,-2.90388
Co@C1N2O1-opp,-89150.91064,-51530.20906,-93233.62733,-93266.95621,-0.24557939,0.70174,,-2.71669
Co@C1N2O1-pen,-89150.85524,-51530.64855,-93234.01886,-93267.0582,-0.265040749,0.986913,,-3.16362
Co@C1N2P1-hex,-96384.47898,-58764.26029,-100467.664,-100500.7315,-0.241564726,0.992636,,-3.18505
Co@C1N2P1-opp,-96383.99892,-58763.62269,-100467.2478,-100500.1533,-0.276218474,0.97961,,-3.24883
Co@C1N2P1-pen,-96384.04719,-58763.69737,-100467.1741,-100500.2031,-0.24576509,0.716992,,-3.12695
Co@C1N2S1-hex,-97930.82272,-60310.44622,-102013.9612,-102047.0056,-0.257136583,0.770149,,-3.13847
Co@C1N2S1-opp,-97930.43994,-60310.54975,-102013.5371,-102046.6094,-0.281418907,0.737886,,-3.09715
Co@C1N2S1-pen,-97930.49153,-60310.48245,-102013.7962,-102046.5007,-0.273931945,0.822757,,-3.30466
Co@C1N3,-88596.12486,-50974.28955,-92679.0443,-92712.45232,-0.283068288,0.839411,,-2.91944
Co@C1O1P1S1,-106272.6537,-68654.1181,-110355.6828,-110388.634,-0.251957051,1.043617,,-3.02916
Co@C1O2P1-hex,-97493.83989,-59875.89684,-101576.5386,-101609.7763,-0.254661008,-0.290539,,-2.69874
Co@C1O2P1-opp,-97492.80432,-59874.86892,-101575.5301,-101609.0268,-0.258143599,0.723502,,-2.72578
Co@C1O2S1-hex,-99039.60661,-61422.05567,-103122.8767,-103155.7459,-0.262753398,0.619133,,-3.27004
Co@C1O2S1-opp,-99039.10133,-61422.20257,-103122.2978,-103155.4197,-0.247874481,0.684553,,-3.19647
Co@C1O2S1-pen,-99039.34848,-61422.00347,-103122.6985,-103155.4793,-0.246933676,0.610053,,-3.35
Co@C2N1O1-hex,-88697.72959,-51077.08062,-92780.71928,-92813.70813,-0.248413637,0.718632,,-2.98969
Co@C2N1O1-opp,-88696.77622,-51075.89047,-92779.98101,-92813.0285,-0.253627075,0.698348,,-3.20479
Co@C2N1O1-pen,-88697.44862,-51076.48644,-92780.6734,-92813.61371,-0.249356994,0.486518,,-3.22478
Co@C2N1P1-hex,-95930.68368,-58310.31437,-100013.6411,-100046.5583,-0.281839217,0.945331,,-2.95744
Co@C2N1P1-opp,-95930.62434,-58310.30091,-100013.7126,-100046.7123,-0.250211174,1.010329,,-3.08824
Co@C2N1P1-pen,-95930.56435,-58310.40249,-100013.0733,-100046.6016,-0.260885155,0.970183,,-2.50895
Co@C2N1S1-hex,-97477.15809,-59857.03402,-101560.3254,-101593.0651,-0.269747303,0.705376,,-3.16727
Co@C2N1S1-opp,-97477.00458,-59856.54684,-101560.1187,-101593.2123,-0.247901478,0.710006,,-3.11411
Co@C2N1S1-pen,-97476.94624,-59856.42858,-101559.9679,-101592.9793,-0.273855298,0.716986,,-3.02161
Co@C2N2-hex,-88142.78534,-50520.90597,-92225.96636,-92259.02365,-0.253208755,0.753701,,-3.18102
Co@C2N2-opp,-88142.3378,-50520.38635,-92225.59293,-92258.7303,-0.25639449,0.782056,,-3.25513
Co@C2N2-pen,-88142.68928,-50520.70423,-92226.0726,-92258.88285,-0.255758792,0.78849,,-3.38332
Co@C2O1P1-opp,-96485.36817,-58865.89327,-100568.1159,-100601.6101,-0.259003206,1.022545,,-2.74772
Co@C2O1P1-pen,-96484.96868,-58865.35581,-100567.9649,-100601.0481,-0.257729768,0.495345,,-2.99618
Co@C2O1S1-hex,-98031.725,-60413.43032,-102115.2034,-102148.0385,-0.255790973,0.672802,,-3.47837
Co@C2O1S1-opp,-98031.7056,-60412.06483,-102114.9168,-102147.8383,-0.253205916,0.639418,,-3.21122
Co@C2O1S1-pen,-98031.36042,-60411.97483,-102114.4291,-102147.4076,-0.260534062,0.690859,,-3.0687
Co@C2O2-hex,-89252.33945,-51633.16652,-93335.32056,-93368.25935,-0.244834024,0.717309,,-2.98111
Co@C2O2-opp,-89251.33594,-51631.69745,-93334.46344,-93367.13299,-0.241655632,0.758908,,-3.1275
Co@C2O2-pen,-89251.83406,-51631.97091,-93335.03631,-93367.98202,-0.284565321,0.73057,,-3.20225
Co@C3N1,-87689.22383,-50067.44596,-91772.46727,-91805.4877,-0.279574878,0.864727,,-3.24344
Co@C3O1,-88244.14041,-50623.26876,-92326.96196,-92360.17607,-0.29045339,0.950626,,-2.82155
Co@N1O2P1-hex,-97946.57452,-60329.04667,-102029.3726,-102062.7812,-0.261566241,-0.302123,,-2.79804
Co@N1O2P1-opp,-97946.34998,-60329.10441,-102029.5173,-102062.3682,-0.243149755,-0.077022,,-3.16736
Co@N1O2P1-pen,-97946.3943,-60328.60351,-102029.487,-102062.3647,-0.24272809,0.92792,,-3.0927
Co@N1O2S1-pen,-99492.35466,-61876.22085,-103575.4389,-103608.4662,-0.24610191,0.639946,,-3.08424
Co@N2O1P1-opp,-97392.23057,-59773.36574,-101475.497,-101508.5242,-0.24913919,-1.206041,,-3.26646
Co@N2O1P1-pen,-97391.6339,-59772.94867,-101475.0297,-101507.9037,-0.24156544,0.924038,,-3.39577
Co@N2O1S1-hex,-98938.27798,-61320.41051,-103020.9372,-103054.2959,-0.24753572,0.6938,,-2.65926
Co@N2O1S1-opp,-98938.21349,-61320.21577,-103021.4953,-103054.4994,-0.2504369,0.702525,,-3.2818
Co@N2O1S1-pen,-98937.96379,-61319.85826,-103021.2061,-103054.0708,-0.249679083,0.712147,,-3.24229
Co@N2O2-hex,-90158.17475,-52540.20351,-94241.44957,-94274.41529,-0.26660205,0.760634,,-3.27482
Co@N2O2-opp,-90158.09247,-52539.77055,-94241.2855,-94274.16095,-0.256839332,0.77938,,-3.19303
Co@N2O2-pen,-90158.457,-52540.09605,-94241.67766,-94274.43533,-0.241526043,0.776075,,-3.22066
Co@N2P1S1-hex,-106171.7907,-68552.54581,-110254.924,-110287.6194,-0.249510045,0.966548,,-3.13333
Co@N2P1S1-opp,-106171.7304,-68553.50798,-110254.9684,-110287.9076,-0.254636484,0.95423,,-3.23805
Co@N2P1S1-pen,-106171.7061,-68553.02741,-110255.1693,-110287.9154,-0.247285086,-0.281143,,-3.46318
Co@N3O1,-89604.14869,-51984.07376,-93687.36261,-93720.10044,-0.268162569,0.525506,,-3.21392
Co@N3P1,-96837.35447,-59217.16272,-100920.65,-100953.4853,-0.254333779,-0.063655,,-3.29553