Systems,ΔGOOH*,ΔGO*,ΔGOH*,ΔG(ⅰ),ΔG(ⅱ),ΔG(ⅲ),ΔG(ⅳ),UORR,RDS
CBON-Ag,3.983,2.905,0.461,0.937,1.078,2.444,0.461,0.461,4
CBON-Au,3.219,1.926,-0.349,1.701,1.293,2.276,-0.349,-0.349,4
CBON-Co,3.496,1.246,0.06,1.424,2.25,1.186,0.06,0.06,4
CBON-Cu,4.354,3.272,1.165,0.566,1.082,2.107,1.165,0.566,1
CBON-Fe,3.202,0.793,-0.302,1.718,2.409,1.095,-0.302,-0.302,4
CBON-Hg,4.933,3.753,1.484,-0.013,1.18,2.269,1.484,-0.013,1
CBON-Ir,2.933,0.532,0.098,1.987,2.401,0.434,0.098,0.098,4
CBON-Mn,3.31,0.397,-0.167,1.61,2.912,0.564,-0.167,-0.167,4
CBON-Ni,4.425,2.771,1.154,0.495,1.654,1.617,1.154,0.495,1
CBON-Pd,4.777,3.146,1.303,0.143,1.63,1.843,1.303,0.143,1
CBON-Pt,4.364,2.514,1.113,0.556,1.85,1.402,1.113,0.556,1
CBON-Rh,3.213,1.11,-0.017,1.707,2.103,1.127,-0.017,-0.017,4
CBON-Sc,1.268,-0.728,-2.09,3.652,1.996,1.362,-2.09,-2.09,4
CBON-Y,1.273,-0.387,-2.142,3.647,1.661,1.754,-2.142,-2.142,4
CBON-Zn,3.428,2.232,-0.106,1.492,1.196,2.338,-0.106,-0.106,4
CBOP-Ag,3.549,2.543,0.105,1.371,1.006,2.438,0.105,0.105,4
CBOP-Au,3.151,1.733,-0.438,1.769,1.418,2.171,-0.438,-0.438,4
CBOP-Cd,4.276,3.14,0.746,0.644,1.136,2.393,0.746,0.644,1
CBOP-Co,3.315,0.882,-0.184,1.605,2.433,1.066,-0.184,-0.184,4
CBOP-Cu,4.15,2.84,0.589,0.77,1.311,2.25,0.589,0.589,4
CBOP-Fe,3.248,0.579,-0.178,1.672,2.669,0.757,-0.178,-0.178,4
CBOP-Hf,1.483,-1.106,-1.963,3.437,2.588,0.858,-1.963,-1.963,4
CBOP-Hg,5.132,3.572,1.668,-0.212,1.56,1.904,1.668,-0.212,1
CBOP-Ir,2.842,0.503,-0.348,2.078,2.339,0.851,-0.348,-0.348,4
CBOP-Mn,2.883,0.258,-0.53,2.037,2.625,0.788,-0.53,-0.53,4
CBOP-Mo,2.422,-0.722,-0.971,2.498,3.144,0.248,-0.971,-0.971,4
CBOP-Ni,4.112,2.361,0.704,0.808,1.752,1.657,0.704,0.704,4
CBOP-Pt,3.653,1.444,0.148,1.267,2.209,1.296,0.148,0.148,4
CBOP-Rh,3.21,1.424,-0.053,1.71,1.785,1.477,-0.053,-0.053,4
CBOP-Ru,3.008,0.415,-0.177,1.912,2.593,0.592,-0.177,-0.177,4
CBOP-Zn,3.518,2.009,-0.159,1.402,1.509,2.167,-0.159,-0.159,4
CBOP-Zr,1.723,-1.019,-1.656,3.197,2.742,0.638,-1.656,-1.656,4
CBOS-Ag,3.828,2.762,0.282,1.092,1.065,2.48,0.282,0.282,4
CBOS-Au,3.336,1.854,-0.252,1.584,1.482,2.106,-0.252,-0.252,4
CBOS-Cd,4.242,3.248,0.695,0.678,0.994,2.553,0.695,0.678,1
CBOS-Co,3.249,1.14,-0.107,1.671,2.109,1.246,-0.107,-0.107,4
CBOS-Cu,3.772,2.47,0.248,1.148,1.301,2.222,0.248,0.248,4
CBOS-Fe,3.084,0.491,-0.337,1.836,2.593,0.828,-0.337,-0.337,4
CBOS-Hg,4.803,3.713,1.534,0.117,1.09,2.179,1.534,0.117,1
CBOS-Ir,2.882,0.353,-0.339,2.038,2.529,0.692,-0.339,-0.339,4
CBOS-Nb,1.998,-1.237,-1.345,2.922,3.234,0.108,-1.345,-1.345,4
CBOS-Ni,4.09,2.321,0.484,0.83,1.769,1.837,0.484,0.484,4
CBOS-Pd,3.685,2.263,0.221,1.235,1.422,2.042,0.221,0.221,4
CBOS-Pt,3.421,1.421,-0.309,1.499,2.001,1.73,-0.309,-0.309,4
CBOS-Rh,3.244,1.158,0.089,1.676,2.085,1.069,0.089,0.089,4
CBOS-Ru,2.487,-0.035,-0.567,2.433,2.522,0.533,-0.567,-0.567,4
CBOS-Zn,3.622,2.19,-0.02,1.298,1.431,2.21,-0.02,-0.02,4
CPNB-Ag,4.132,3.064,0.824,0.788,1.068,2.24,0.824,0.788,1
CPNB-Cd,4.016,3.054,0.502,0.904,0.963,2.552,0.502,0.502,4
CPNB-Co,3.143,0.878,-0.098,1.777,2.264,0.976,-0.098,-0.098,4
CPNB-Cu,4.77,0.845,-0.007,0.15,3.925,0.852,-0.007,-0.007,4
CPNB-Fe,2.908,0.078,-0.229,2.012,2.83,0.307,-0.229,-0.229,4
CPNB-Hf,1.636,-0.477,-1.779,3.284,2.114,1.302,-1.779,-1.779,4
CPNB-Hg,4.768,3.677,1.253,0.152,1.09,2.424,1.253,0.152,1
CPNB-Ir,3.759,0.771,0.079,1.161,2.988,0.692,0.079,0.079,4
CPNB-Ni,3.738,1.956,0.701,1.182,1.783,1.254,0.701,0.701,4
CPNB-Pd,4.115,2.561,0.844,0.805,1.554,1.716,0.844,0.805,1
CPNB-Pt,3.977,1.714,0.465,0.943,2.263,1.249,0.465,0.465,4
CPNB-Rh,4.16,1.565,0.374,0.76,2.595,1.191,0.374,0.374,4
CPNB-Zn,4.074,2.552,0.543,0.846,1.522,2.009,0.543,0.543,4
CPNB-Zr,1.981,-0.163,-1.376,2.939,2.144,1.213,-1.376,-1.376,4
CPNO-Ag,3.672,2.663,0.195,1.248,1.009,2.468,0.195,0.195,4
CPNO-Au,3.208,1.8,-0.397,1.712,1.408,2.196,-0.397,-0.397,4
CPNO-Cd,4.423,3.171,0.805,0.497,1.253,2.366,0.805,0.497,1
CPNO-Co,3.71,1.485,0.553,1.21,2.226,0.932,0.553,0.553,4
CPNO-Cr,2.691,-0.541,-0.645,2.229,3.232,0.104,-0.645,-0.645,4
CPNO-Cu,3.94,2.74,0.449,0.98,1.2,2.291,0.449,0.449,4
CPNO-Fe,3.238,0.567,-0.148,1.682,2.671,0.714,-0.148,-0.148,4
CPNO-Hg,5.431,3.986,1.904,-0.511,1.444,2.083,1.904,-0.511,1
CPNO-Ir,3.223,0.705,0.385,1.697,2.518,0.32,0.385,0.32,3
CPNO-Mn,3.109,0.453,-0.309,1.811,2.657,0.762,-0.309,-0.309,4
CPNO-Pd,4.089,2.622,0.636,0.831,1.467,1.986,0.636,0.636,4
CPNO-Pt,4.632,1.349,0.11,0.288,3.282,1.239,0.11,0.11,4
CPNO-Rh,3.202,1.486,0.12,1.718,1.715,1.367,0.12,0.12,4
CPNO-Ru,3.199,0.154,0.021,1.721,3.045,0.133,0.021,0.021,4
CPNO-Sc,2.018,-0.122,-1.331,2.902,2.14,1.21,-1.331,-1.331,4
CPNO-Y,2.06,0.067,-1.377,2.86,1.992,1.444,-1.377,-1.377,4
CPNO-Zn,3.347,2.118,-0.232,1.573,1.229,2.35,-0.232,-0.232,4
CPNS-Ag,3.796,2.746,0.305,1.124,1.05,2.441,0.305,0.305,4
CPNS-Fe,3.754,0.979,0.262,1.166,2.775,0.718,0.262,0.262,4
CPNS-Hg,5.486,4.173,1.883,-0.566,1.313,2.29,1.883,-0.566,1
CPNS-Ni,4.925,3.338,1.583,-0.005,1.587,1.755,1.583,-0.005,1
CPNS-Pd,4.966,3.577,1.723,-0.046,1.389,1.854,1.723,-0.046,1
CPNS-Pt,3.549,1.22,-0.008,1.371,2.329,1.228,-0.008,-0.008,4
CPNS-Rh,3.655,1.873,0.526,1.265,1.782,1.347,0.526,0.526,4
CPNS-Ru,3.046,0.503,0.179,1.874,2.542,0.324,0.179,0.179,4
CPNS-Sc,2.295,1.045,-1.154,2.625,1.25,2.199,-1.154,-1.154,4
CPNS-Y,2.309,1.092,-1.187,2.611,1.217,2.279,-1.187,-1.187,4
CPNS-Zn,3.716,2.699,0.08,1.204,1.016,2.619,0.08,0.08,4
CPNS-Zr,1.491,-1.136,-1.98,3.429,2.626,0.844,-1.98,-1.98,4
CNBS-Au,4.175,3.218,0.794,0.745,0.957,2.424,0.794,0.745,1
CNBS-Cd,3.637,2.36,-0.065,1.283,1.277,2.424,-0.065,-0.065,4
CNBS-Cr,2.315,-0.948,-0.95,2.605,3.263,0.002,-0.95,-0.95,4
CNBS-Cu,5.102,1.627,1.234,-0.182,3.475,0.393,1.234,-0.182,1
CNBS-Fe,2.908,0.21,-0.378,2.012,2.699,0.588,-0.378,-0.378,4
CNBS-Hf,1.72,-1.123,-2.083,3.2,2.843,0.96,-2.083,-2.083,4
CNBS-Hg,5.994,2.759,0.366,-1.074,3.235,2.393,0.366,-1.074,1
CNBS-Ir,3.317,0.511,-0.204,1.603,2.806,0.715,-0.204,-0.204,4
CNBS-Mn,2.877,-0.154,-0.577,2.043,3.031,0.423,-0.577,-0.577,4
CNBS-Nb,1.46,-1.63,-1.888,3.46,3.09,0.257,-1.888,-1.888,4
CNBS-Ni,3.983,2.37,1.15,0.937,1.613,1.22,1.15,0.937,1
CNBS-Pd,3.939,2.392,0.707,0.981,1.547,1.685,0.707,0.707,4
CNBS-Pt,4.044,2.112,0.682,0.876,1.932,1.429,0.682,0.682,4
CNBS-Rh,3.204,1.157,0.059,1.716,2.047,1.097,0.059,0.059,4
CNBS-Ru,3.089,-0.134,-0.294,1.831,3.223,0.16,-0.294,-0.294,4
CNBS-Ta,1.214,-1.983,-2.304,3.706,3.197,0.321,-2.304,-2.304,4
CNBS-Ti,2.009,-0.895,-1.359,2.911,2.904,0.464,-1.359,-1.359,4
CNBS-V,1.858,-1.346,-1.524,3.062,3.204,0.178,-1.524,-1.524,4
CNBS-Zn,3.573,2.393,-0.128,1.347,1.18,2.521,-0.128,-0.128,4
ONBS-Co,3.688,1.221,0.475,1.232,2.467,0.746,0.475,0.475,4
ONBS-Cu,4.284,2.267,-0.002,0.636,2.017,2.269,-0.002,-0.002,4
ONBS-Fe,3.196,0.473,-0.441,1.724,2.723,0.914,-0.441,-0.441,4
ONBS-Hf,1.218,-1.667,-2.253,3.702,2.884,0.586,-2.253,-2.253,4
ONBS-Ir,2.793,0.249,-0.435,2.127,2.544,0.684,-0.435,-0.435,4
ONBS-Mn,2.751,0.135,-0.796,2.169,2.615,0.931,-0.796,-0.796,4
ONBS-Ni,4.53,2.639,1.241,0.39,1.891,1.399,1.241,0.39,1
ONBS-Os,2.71,-0.072,-0.299,2.21,2.782,0.227,-0.299,-0.299,4
ONBS-Pd,4.06,2.679,0.75,0.86,1.381,1.929,0.75,0.75,4
ONBS-Pt,3.667,1.81,0.176,1.253,1.856,1.634,0.176,0.176,4
ONBS-Rh,3.05,1.17,0.01,1.87,1.88,1.16,0.01,0.01,4
ONBS-Ru,3.202,0.652,0.094,1.718,2.551,0.558,0.094,0.094,4
ONBS-Ti,1.568,-1.645,-1.873,3.352,3.213,0.228,-1.873,-1.873,4
ONBS-Zr,1.356,-1.67,-2.018,3.564,3.026,0.348,-2.018,-2.018,4
PNBS-Co,3.868,1.852,0.718,1.052,2.015,1.134,0.718,0.718,4
PNBS-Cu,4.519,3.261,1.051,0.401,1.258,2.21,1.051,0.401,1
PNBS-Fe,2.516,0.845,0.071,2.404,1.671,0.773,0.071,0.071,4
PNBS-Hf,1.697,-0.462,-1.78,3.223,2.16,1.317,-1.78,-1.78,4
PNBS-Mo,2.611,-0.6,-0.824,2.309,3.211,0.225,-0.824,-0.824,4
PNBS-Ni,3.987,2.436,0.726,0.933,1.551,1.709,0.726,0.726,4
PNBS-Pd,3.792,2.589,0.524,1.128,1.203,2.065,0.524,0.524,4
PNBS-Rh,3.955,1.884,0.927,0.965,2.071,0.957,0.927,0.927,4
PNBS-Sc,2.036,-0.044,-1.313,2.884,2.08,1.269,-1.313,-1.313,4
PNBS-Ti,2.129,-0.153,-1.308,2.791,2.282,1.155,-1.308,-1.308,4
PNBS-Y,1.909,0.12,-1.454,3.011,1.789,1.574,-1.454,-1.454,4
PNBS-Zn,3.71,1.726,-0.132,1.21,1.984,1.857,-0.132,-0.132,4
NNBB-Ag,4.805,3.591,1.61,0.115,1.214,1.982,1.61,0.115,1
NNBB-Au,5.156,3.587,1.529,-0.236,1.569,2.057,1.529,-0.236,1
NNBB-Cd,3.864,2.937,0.407,1.056,0.927,2.531,0.407,0.407,4
NNBB-Co,3.573,1.046,0.398,1.347,2.526,0.648,0.398,0.398,4
NNBB-Cu,4.895,3.544,1.752,0.025,1.351,1.792,1.752,0.025,1
NNBB-Fe,3.421,0.516,-0.054,1.499,2.905,0.57,-0.054,-0.054,4
NNBB-Hf,0.999,-1.71,-2.504,3.921,2.709,0.794,-2.504,-2.504,4
NNBB-Ir,2.52,-0.156,-0.756,2.4,2.676,0.6,-0.756,-0.756,4
NNBB-Mn,3.173,0.07,-0.23,1.747,3.103,0.3,-0.23,-0.23,4
NNBB-Ni,4.032,2.324,0.729,0.888,1.708,1.595,0.729,0.729,4
NNBB-Pd,3.775,2.118,0.589,1.145,1.657,1.529,0.589,0.589,4
NNBB-Pt,3.697,1.577,0.474,1.223,2.12,1.103,0.474,0.474,4
NNBB-Rh,3.049,0.764,-0.217,1.871,2.285,0.981,-0.217,-0.217,4
NNBB-Ru,3.132,0.05,-0.492,1.788,3.082,0.542,-0.492,-0.492,4
NNBB-Sc,1.612,0.47,-1.792,3.308,1.143,2.261,-1.792,-1.792,4
NNBB-Ti,1.572,-1.623,-1.88,3.348,3.195,0.256,-1.88,-1.88,4
NNBB-Zn,4.266,3.436,0.972,0.654,0.83,2.464,0.972,0.654,1
NNBB-Zr,1.433,-1.531,-2.007,3.487,2.963,0.476,-2.007,-2.007,4
CCBB-Ag,4.157,3.099,0.883,0.763,1.058,2.216,0.883,0.763,1
CCBB-Cd,3.973,2.749,0.371,0.947,1.224,2.378,0.371,0.371,4
CCBB-Co,3.261,1.238,0.134,1.659,2.024,1.104,0.134,0.134,4
CCBB-Cr,2.525,-0.407,-0.826,2.395,2.931,0.419,-0.826,-0.826,4
CCBB-Cu,4.298,2.892,0.928,0.622,1.406,1.964,0.928,0.622,1
CCBB-Fe,3.179,0.665,-0.18,1.741,2.514,0.844,-0.18,-0.18,4
CCBB-Hf,1.606,-0.298,-1.846,3.314,1.904,1.547,-1.846,-1.846,4
CCBB-Hg,4.725,3.083,1.169,0.195,1.641,1.914,1.169,0.195,1
CCBB-Ir,3.309,0.554,-0.201,1.611,2.755,0.755,-0.201,-0.201,4
CCBB-Mn,2.744,0.099,-0.44,2.176,2.646,0.539,-0.44,-0.44,4
CCBB-Mo,2.366,-0.941,-0.973,2.554,3.306,0.032,-0.973,-0.973,4
CCBB-Nb,2.089,-1.083,-1.338,2.831,3.172,0.255,-1.338,-1.338,4
CCBB-Os,2.666,-0.228,-0.757,2.254,2.893,0.529,-0.757,-0.757,4
CCBB-Pd,3.707,2.167,0.675,1.213,1.54,1.493,0.675,0.675,4
CCBB-Pt,3.813,1.366,0.309,1.107,2.447,1.056,0.309,0.309,4
CCBB-Rh,3.437,1.425,0.136,1.483,2.012,1.289,0.136,0.136,4
CCBB-Ru,3.141,0.427,-0.228,1.779,2.714,0.655,-0.228,-0.228,4
CCBB-Ta,1.635,-1.489,-1.9,3.285,3.124,0.411,-1.9,-1.9,4
CCBB-Tc,2.72,-0.166,-0.598,2.2,2.886,0.432,-0.598,-0.598,4
CCBB-V,2.256,-0.887,-1.107,2.664,3.143,0.22,-1.107,-1.107,4
CCBB-Y,2.54,1.362,-0.797,2.38,1.178,2.159,-0.797,-0.797,4
CCBB-Zn,4.384,3.11,0.851,0.536,1.275,2.259,0.851,0.536,1
CCBB-Zr,1.914,-0.209,-1.464,3.006,2.123,1.255,-1.464,-1.464,4
OOBB-Ag,3.881,2.808,0.385,1.039,1.073,2.423,0.385,0.385,4
OOBB-Au,3.308,2.097,-0.148,1.612,1.211,2.245,-0.148,-0.148,4
OOBB-Cd,4.206,3.23,0.7,0.715,0.975,2.53,0.7,0.7,4
OOBB-Co,2.846,0.49,-0.572,2.074,2.356,1.062,-0.572,-0.572,4
OOBB-Cu,2.991,1.905,-0.483,1.929,1.085,2.389,-0.483,-0.483,4
OOBB-Fe,2.702,0.23,-0.887,2.218,2.472,1.118,-0.887,-0.887,4
OOBB-Hg,4.862,3.488,1.396,0.058,1.374,2.092,1.396,0.058,1
OOBB-Ir,2.848,0.32,-0.404,2.072,2.528,0.724,-0.404,-0.404,4
OOBB-Mn,2.773,0.106,-0.622,2.147,2.668,0.727,-0.622,-0.622,4
OOBB-Ni,3.352,1.699,0.192,1.568,1.653,1.507,0.192,0.192,4
OOBB-Pd,4.236,2.641,0.952,0.684,1.595,1.689,0.952,0.684,1
OOBB-Pt,4.109,2.175,0.775,0.811,1.934,1.4,0.775,0.775,4
OOBB-Rh,3.067,0.955,-0.218,1.853,2.111,1.173,-0.218,-0.218,4
OOBB-Sc,1.203,-1.185,-2.203,3.717,2.388,1.018,-2.203,-2.203,4
OOBB-Y,1.183,-0.894,-2.213,3.737,2.077,1.319,-2.213,-2.213,4
OOBB-Zn,3.614,2.21,-0.041,1.306,1.404,2.251,-0.041,-0.041,4
SSBB-Au,3.327,2.137,-0.197,1.593,1.19,2.334,-0.197,-0.197,4
SSBB-Co,3.283,1.173,0.122,1.637,2.11,1.051,0.122,0.122,4
SSBB-Cu,3.802,2.882,0.466,1.118,0.919,2.417,0.466,0.466,4
SSBB-Fe,3.236,0.684,-0.284,1.684,2.553,0.967,-0.284,-0.284,4
SSBB-Hg,4.694,3.375,1.386,0.226,1.318,1.989,1.386,0.226,1
SSBB-Ir,2.779,1.023,-0.528,2.141,1.757,1.551,-0.528,-0.528,4
SSBB-Ni,3.924,2.695,0.939,0.996,1.229,1.757,0.939,0.939,4
SSBB-Pd,4.061,2.256,0.824,0.859,1.804,1.432,0.824,0.824,4
SSBB-Rh,3.14,1.771,-0.222,1.78,1.369,1.993,-0.222,-0.222,4
SSBB-Ru,3.389,0.432,-0.188,1.531,2.958,0.62,-0.188,-0.188,4
SSBB-Sc,2.331,0.276,-1.252,2.589,2.055,1.529,-1.252,-1.252,4
SSBB-Zn,3.286,2.228,-0.009,1.634,1.059,2.236,-0.009,-0.009,4
BBPP-Ag,3.905,3.474,0.603,1.015,0.431,2.871,0.603,0.431,2
BBPP-Au,3.533,2.785,-0.021,1.387,0.747,2.806,-0.021,-0.021,4
BBPP-Cd,4.113,3.479,0.657,0.807,0.634,2.822,0.657,0.634,2
BBPP-Co,3.279,1.489,-0.015,1.641,1.791,1.503,-0.015,-0.015,4
BBPP-Cr,2.592,-0.36,-0.871,2.328,2.952,0.511,-0.871,-0.871,4
BBPP-Cu,3.602,2.232,0.032,1.318,1.37,2.201,0.032,0.032,4
BBPP-Fe,3.142,0.403,-0.021,1.778,2.74,0.423,-0.021,-0.021,4
BBPP-Ir,2.523,-0.179,-0.247,2.397,2.702,0.068,-0.247,-0.247,4
BBPP-Mo,2.285,-1.092,-0.989,2.635,3.376,-0.102,-0.989,-0.989,4
BBPP-Ni,4.127,2.37,0.676,0.793,1.757,1.694,0.676,0.676,4
BBPP-Pd,3.465,2.741,1.177,1.455,0.724,1.564,1.177,0.724,2
BBPP-Pt,3.775,2.541,0.29,1.145,1.234,2.251,0.29,0.29,4
BBPP-Ru,3.278,0.419,-0.044,1.642,2.859,0.463,-0.044,-0.044,4
BBPP-Tc,2.722,-0.153,-0.429,2.198,2.875,0.276,-0.429,-0.429,4
BBPP-Ti,2.005,-0.914,-1.207,2.915,2.919,0.293,-1.207,-1.207,4
BBPP-V,2.046,-1.289,-1.304,2.874,3.334,0.015,-1.304,-1.304,4
BBPP-W,1.851,-1.678,-1.542,3.069,3.53,-0.136,-1.542,-1.542,4
BBPP-Y,2.104,0.412,-1.319,2.816,1.692,1.732,-1.319,-1.319,4
BBPP-Zn,3.506,2.723,-0.048,1.414,0.784,2.771,-0.048,-0.048,4
CCPP-Au,4.625,3.859,1.27,0.295,0.765,2.589,1.27,0.295,1
CCPP-Cd,3.469,2.302,-0.038,1.451,1.167,2.34,-0.038,-0.038,4
CCPP-Co,3.551,1.501,0.694,1.369,2.05,0.807,0.694,0.694,4
CCPP-Cr,2.088,-1.039,-0.888,2.832,3.127,-0.15,-0.888,-0.888,4
CCPP-Cu,4.507,1.222,1.173,0.413,3.285,0.049,1.173,0.049,3
CCPP-Fe,3.237,0.621,0.023,1.683,2.616,0.598,0.023,0.023,4
CCPP-Hf,1.754,-0.673,-1.361,3.166,2.427,0.688,-1.361,-1.361,4
CCPP-Hg,4.755,4.128,1.246,0.165,0.627,2.882,1.246,0.165,1
CCPP-Mn,3.108,0.008,-0.225,1.812,3.1,0.233,-0.225,-0.225,4
CCPP-Mo,2.11,-1.205,-1.195,2.81,3.315,-0.011,-1.195,-1.195,4
CCPP-Nb,2.148,-0.782,-1.528,2.772,2.93,0.746,-1.528,-1.528,4
CCPP-Ni,4.734,2.957,1.403,0.186,1.776,1.555,1.403,0.186,1
CCPP-Pd,4.668,3.157,1.446,0.252,1.511,1.711,1.446,0.252,1
CCPP-Pt,4.768,2.62,1.302,0.152,2.148,1.318,1.302,0.152,1
CCPP-Rh,3.394,0.883,-0.104,1.526,2.511,0.987,-0.104,-0.104,4
CCPP-Ta,1.741,-1.142,-1.957,3.179,2.883,0.815,-1.957,-1.957,4
CCPP-Tc,2.297,-0.972,-1.045,2.623,3.269,0.073,-1.045,-1.045,4
CCPP-Ti,1.921,-0.849,-1.56,2.999,2.771,0.711,-1.56,-1.56,4
CCPP-V,1.967,-0.814,-1.468,2.953,2.781,0.653,-1.468,-1.468,4
CCPP-Zr,2.152,-0.652,-0.98,2.768,2.804,0.328,-0.98,-0.98,4
NNPP-Ag,4.006,3.09,0.691,0.914,0.917,2.399,0.691,0.691,4
NNPP-Cd,4.036,3.063,0.61,0.884,0.973,2.453,0.61,0.61,4
NNPP-Fe,3.274,0.953,0.061,1.646,2.321,0.891,0.061,0.061,4
NNPP-Hf,1.977,-1.183,-2.039,2.943,3.16,0.856,-2.039,-2.039,4
NNPP-Hg,5.001,4.076,1.619,-0.081,0.925,2.456,1.619,-0.081,1
NNPP-Ir,3.531,1.724,0.449,1.389,1.806,1.275,0.449,0.449,4
NNPP-Mn,2.939,0.072,-0.172,1.981,2.867,0.244,-0.172,-0.172,4
NNPP-Pd,4.51,3.025,1.317,0.41,1.485,1.707,1.317,0.41,1
NNPP-Pt,2.348,0.77,-0.466,2.572,1.578,1.236,-0.466,-0.466,4
NNPP-Rh,3.816,2.332,0.705,1.104,1.484,1.627,0.705,0.705,4
NNPP-Sc,1.873,0.45,-1.482,3.047,1.423,1.932,-1.482,-1.482,4
NNPP-Y,1.894,0.672,-1.568,3.026,1.223,2.24,-1.568,-1.568,4
NNPP-Zn,3.189,-0.286,-0.333,1.731,3.476,0.046,-0.333,-0.333,4
NNPP-Zr,1.887,-1.079,-1.587,3.033,2.965,0.508,-1.587,-1.587,4
OOPP-Ag,3.599,3.977,0.176,1.321,-0.378,3.801,0.176,-0.378,2
OOPP-Au,2.786,2.097,-0.088,2.134,0.689,2.185,-0.088,-0.088,4
OOPP-Cd,4.007,3.791,1.751,0.913,0.216,2.04,1.751,0.216,2
OOPP-Co,3.094,2.069,-0.182,1.826,1.025,2.251,-0.182,-0.182,4
OOPP-Fe,2.967,0.54,-0.531,1.953,2.428,1.07,-0.531,-0.531,4
OOPP-Hg,6.413,5.366,1.819,-1.493,1.047,3.547,1.819,-1.493,1
OOPP-Ir,3.021,0.381,-0.021,1.899,2.641,0.401,-0.021,-0.021,4
OOPP-Rh,3.775,2.471,0.366,1.145,1.304,2.105,0.366,0.366,4
OOPP-Sc,1.06,-0.882,-1.498,3.86,1.941,0.616,-1.498,-1.498,4
OOPP-Y,1.219,-0.669,-1.59,3.701,1.888,0.921,-1.59,-1.59,4
OOPP-Zn,4.147,3.975,0.475,0.773,0.172,3.5,0.475,0.172,2
CCSS-Ag,2.968,2.181,-0.086,1.952,0.787,2.267,-0.086,-0.086,4
CCSS-Au,2.64,1.206,-0.526,2.28,1.434,1.731,-0.526,-0.526,4
CCSS-Cd,3.342,2.617,0.293,1.578,0.726,2.324,0.293,0.293,4
CCSS-Co,3.268,1.875,0.647,1.653,1.392,1.228,0.647,0.647,4
CCSS-Cr,2.204,-0.517,-0.551,2.716,2.721,0.034,-0.551,-0.551,4
CCSS-Cu,4.032,3.174,1.207,0.888,0.858,1.967,1.207,0.858,2
CCSS-Fe,1.85,0.3,-0.608,3.07,1.55,0.908,-0.608,-0.608,4
CCSS-Hf,1.776,-0.054,-1.656,3.145,1.83,1.602,-1.656,-1.656,4
CCSS-Hg,4.362,3.182,1.182,0.558,1.18,1.999,1.182,0.558,1
CCSS-Ir,2.398,0.183,-0.424,2.522,2.215,0.607,-0.424,-0.424,4
CCSS-Mn,2.453,0.263,-0.308,2.467,2.19,0.571,-0.308,-0.308,4
CCSS-Nb,2.035,-1.253,-1.529,2.885,3.288,0.276,-1.529,-1.529,4
CCSS-Ni,4.004,2.762,1.213,0.916,1.242,1.549,1.213,0.916,1
CCSS-Os,2.527,0.839,-0.395,2.393,1.688,1.234,-0.395,-0.395,4
CCSS-Pd,3.41,2.023,0.255,1.51,1.387,1.768,0.255,0.255,4
CCSS-Pt,4.681,2.657,1.428,0.239,2.024,1.229,1.428,0.239,1
CCSS-Rh,3.282,1.059,0.064,1.638,2.222,0.995,0.064,0.064,4
CCSS-Ru,1.9,0.271,-0.562,3.02,1.629,0.833,-0.562,-0.562,4
CCSS-Sc,2.619,1.465,-0.719,2.301,1.154,2.184,-0.719,-0.719,4
CCSS-Ta,1.537,-1.505,-1.974,3.383,3.042,0.469,-1.974,-1.974,4
CCSS-Ti,1.976,-0.297,-1.458,2.944,2.273,1.161,-1.458,-1.458,4
CCSS-V,2.019,-1.154,-1.204,2.901,3.173,0.05,-1.204,-1.204,4
CCSS-Y,2.738,1.525,-0.745,2.182,1.213,2.269,-0.745,-0.745,4
CCSS-Zn,3.866,3.294,0.451,1.054,0.572,2.843,0.451,0.451,4
CCSS-Zr,2.108,-0.03,-1.23,2.812,2.138,1.2,-1.23,-1.23,4
NNSS-Au,3.205,2.603,-0.147,1.715,0.602,2.75,-0.147,-0.147,4
NNSS-Cd,3.736,3.229,0.665,1.184,0.507,2.564,0.665,0.507,2
NNSS-Co,3.869,2.688,1.27,1.051,1.181,1.418,1.27,1.051,1
SNNS-Co,3.951,2.302,0.794,0.969,1.649,1.508,0.794,0.794,4
NNSS-Cu,4.7,3.686,1.246,0.22,1.014,2.44,1.246,0.22,1
NNSS-Fe,3.574,1.987,0.335,1.346,1.588,1.652,0.335,0.335,4
NNSS-Ir,4.4,2.444,1.645,0.52,1.956,0.798,1.645,0.52,1
NNSS-Ni,4.521,3.35,2.071,0.399,1.171,1.279,2.071,0.399,1
NNSS-Os,3.285,0.569,0.436,1.635,2.716,0.133,0.436,0.133,3
NNSS-Pd,5.373,3.973,2.672,-0.453,1.4,1.3,2.672,-0.453,1
NNSS-Pt,5.685,3.718,2.573,-0.765,1.967,1.145,2.573,-0.765,1
NNSS-Rh,4.271,2.822,1.661,0.649,1.45,1.16,1.661,0.649,1
NNSS-Ru,3.118,0.632,1.28,1.802,2.485,-0.647,1.28,-0.647,3
NNSS-Sc,1.231,0.145,-1.738,3.689,1.086,1.883,-1.738,-1.738,4
NNSS-Ti,1.273,-1.947,-1.651,3.647,3.22,-0.296,-1.651,-1.651,4
NNSS-Y,1.571,0.597,-1.614,3.349,0.974,2.211,-1.614,-1.614,4
NNSS-Zn,2.744,2.269,-0.26,2.176,0.475,2.53,-0.26,-0.26,4
OOSS-Co,3.473,1.358,0.172,1.447,2.115,1.185,0.172,0.172,4
OOSS-Ir,1.834,-0.057,1.915,3.086,1.892,-1.972,1.915,-1.972,3
OOSS-Os,1.731,0.899,-0.774,3.189,0.831,1.674,-0.774,-0.774,4
OOSS-Pd,4.082,3.197,1.322,0.838,0.886,1.875,1.322,0.838,1
OOSS-Rh,3.449,1.89,0.582,1.471,1.559,1.308,0.582,0.582,4
OOSS-Y,1.484,-0.374,-1.306,3.436,1.858,0.932,-1.306,-1.306,4
OOSS-Zn,4.379,2.785,1.053,0.541,1.594,1.732,1.053,0.541,1
PPSS-Au,4.566,3.358,0.348,0.354,1.207,3.01,0.348,0.348,4
PPSS-Co,4.013,1.943,0.708,0.907,2.069,1.236,0.708,0.708,4
PPSS-Cu,3.027,2.066,-0.279,1.893,0.961,2.345,-0.279,-0.279,4
PPSS-Fe,3.602,1.584,0.136,1.318,2.019,1.448,0.136,0.136,4
PPSS-Ir,3.071,0.751,0.0,1.849,2.32,0.751,0.0,0.0,4
PPSS-Y,0.848,0.47,-1.356,4.072,0.378,1.826,-1.356,-1.356,4
PPSS-Zn,4.152,3.968,0.508,0.768,0.184,3.46,0.508,0.184,2
CCCB-Ag,4.161,3.182,0.847,0.759,0.979,2.335,0.847,0.759,1
CCCB-Cd,4.236,2.988,0.7,0.684,1.247,2.288,0.7,0.684,1
CCCB-Co,3.798,1.352,0.435,1.122,2.445,0.918,0.435,0.435,4
CCCB-Cr,2.544,-0.498,-0.878,2.376,3.042,0.381,-0.878,-0.878,4
CCCB-Fe,3.395,0.613,0.044,1.525,2.782,0.569,0.044,0.044,4
CCCB-Hf,1.5,-0.644,-2.01,3.42,2.144,1.366,-2.01,-2.01,4
CCCB-Hg,5.25,3.223,1.301,-0.33,2.027,1.922,1.301,-0.33,1
CCCB-Ir,3.38,0.561,-0.015,1.54,2.819,0.576,-0.015,-0.015,4
CCCB-Mn,2.927,-0.054,-0.434,1.993,2.981,0.38,-0.434,-0.434,4
CCCB-Mo,2.305,-0.955,-1.012,2.615,3.259,0.058,-1.012,-1.012,4
CCCB-Nb,1.953,-1.059,-1.386,2.967,3.012,0.327,-1.386,-1.386,4
CCCB-Ni,4.11,1.081,0.847,0.81,3.029,0.234,0.847,0.234,3
CCCB-Os,2.786,-0.442,-0.715,2.134,3.228,0.273,-0.715,-0.715,4
CCCB-Pd,4.177,2.732,0.929,0.743,1.445,1.803,0.929,0.743,1
CCCB-Pt,3.83,1.847,0.62,1.09,1.983,1.227,0.62,0.62,4
CCCB-Re,2.357,-1.005,-1.113,2.563,3.363,0.108,-1.113,-1.113,4
CCCB-Rh,3.737,1.405,0.324,1.183,2.332,1.081,0.324,0.324,4
CCCB-Ru,3.155,0.226,-0.151,1.765,2.929,0.377,-0.151,-0.151,4
CCCB-Sc,2.392,0.888,-1.009,2.529,1.504,1.897,-1.009,-1.009,4
CCCB-Ta,1.646,-1.302,-1.754,3.274,2.948,0.452,-1.754,-1.754,4
CCCB-Tc,2.779,-0.33,-0.579,2.141,3.11,0.249,-0.579,-0.579,4
CCCB-Ti,1.972,-0.76,-1.533,2.948,2.732,0.772,-1.533,-1.533,4
CCCB-V,2.16,-0.96,-1.255,2.76,3.119,0.296,-1.255,-1.255,4
CCCB-W,1.812,-1.408,-1.441,3.108,3.22,0.033,-1.441,-1.441,4
CCCB-Y,2.394,0.978,-0.945,2.526,1.416,1.923,-0.945,-0.945,4
CCCB-Zn,4.756,3.522,1.246,0.164,1.235,2.276,1.246,0.164,1
CCCB-Zr,1.928,-0.522,-1.679,2.992,2.45,1.157,-1.679,-1.679,4
CCCN-Ag,5.329,4.905,2.5,-0.409,0.424,2.405,2.5,-0.409,1
CCCN-Au,5.587,4.859,2.697,-0.667,0.728,2.162,2.697,-0.667,1
CCCN-Cd,4.337,3.471,1.036,0.583,0.866,2.435,1.036,0.583,1
CCCN-Co,3.775,1.487,0.571,1.145,2.288,0.916,0.571,0.571,4
CCCN-Cr,2.532,-1.019,-0.985,2.388,3.55,-0.034,-0.985,-0.985,4
CCCN-Cu,5.246,4.515,2.376,-0.326,0.73,2.139,2.376,-0.326,1
CCCN-Fe,3.703,0.74,0.352,1.217,2.963,0.389,0.352,0.352,4
CCCN-Hf,1.597,0.143,-1.955,3.323,1.454,2.098,-1.955,-1.955,4
CCCN-Hg,4.977,3.867,1.606,-0.057,1.11,2.262,1.606,-0.057,1
CCCN-Ir,3.516,0.561,0.369,1.404,2.956,0.191,0.369,0.191,3
CCCN-Mn,3.265,0.328,0.023,1.655,2.937,0.305,0.023,0.023,4
CCCN-Nb,1.849,-1.243,-1.583,3.071,3.093,0.34,-1.583,-1.583,4
CCCN-Ni,4.548,3.149,1.671,0.372,1.399,1.478,1.671,0.372,1
CCCN-Pd,4.463,3.155,1.476,0.457,1.308,1.679,1.476,0.457,1
CCCN-Pt,4.506,2.886,1.459,0.414,1.62,1.426,1.459,0.414,1
CCCN-Rh,3.809,1.315,0.698,1.111,2.494,0.617,0.698,0.617,3
CCCN-Ru,2.595,-0.323,-0.253,2.325,2.918,-0.071,-0.253,-0.253,4
CCCN-Sc,2.811,1.872,-0.52,2.109,0.939,2.392,-0.52,-0.52,4
CCCN-Ta,1.405,-1.73,-2.127,3.515,3.134,0.397,-2.127,-2.127,4
CCCN-Ti,1.903,-0.025,-1.507,3.017,1.929,1.482,-1.507,-1.507,4
CCCN-V,2.053,-1.357,-1.406,2.867,3.41,0.049,-1.406,-1.406,4
CCCN-Y,2.846,1.916,-0.605,2.074,0.929,2.522,-0.605,-0.605,4
CCCN-Zn,4.587,3.76,1.284,0.333,0.827,2.476,1.284,0.333,1
CCCN-Zr,1.877,0.26,-1.571,3.043,1.617,1.831,-1.571,-1.571,4
CCCO-Ag,4.58,3.473,1.329,0.34,1.107,2.144,1.329,0.34,1
CCCO-Au,4.633,3.185,1.257,0.287,1.448,1.928,1.257,0.287,1
CCCO-Cd,4.151,3.042,0.453,0.769,1.109,2.589,0.453,0.453,4
CCCO-Co,3.522,1.35,0.382,1.398,2.171,0.969,0.382,0.382,4
CCCO-Cr,2.617,-0.916,-0.819,2.303,3.533,-0.097,-0.819,-0.819,4
CCCO-Cu,4.821,3.533,1.508,0.099,1.288,2.025,1.508,0.099,1
CCCO-Fe,3.348,0.658,0.074,1.572,2.69,0.583,0.074,0.074,4
CCCO-Hf,1.512,-0.338,-2.002,3.408,1.851,1.663,-2.002,-2.002,4
CCCO-Hg,4.208,2.981,0.827,0.712,1.228,2.153,0.827,0.712,1
CCCO-Ir,3.225,0.613,-0.105,1.695,2.613,0.717,-0.105,-0.105,4
CCCO-Mn,3.191,0.368,-0.147,1.729,2.823,0.515,-0.147,-0.147,4
CCCO-Ni,4.605,2.818,1.494,0.315,1.787,1.324,1.494,0.315,1
CCCO-Os,2.645,-0.869,-0.567,2.275,3.514,-0.302,-0.567,-0.567,4
CCCO-Pd,4.283,2.637,1.221,0.637,1.646,1.416,1.221,0.637,1
CCCO-Pt,4.161,2.041,0.904,0.759,2.12,1.137,0.904,0.759,1
CCCO-Rh,3.526,1.305,0.242,1.394,2.222,1.062,0.242,0.242,4
CCCO-Ru,2.986,-0.151,-0.169,1.934,3.137,0.018,-0.169,-0.169,4
CCCO-Sc,2.525,1.553,-0.825,2.395,0.972,2.378,-0.825,-0.825,4
CCCO-Ta,1.369,-2.039,-2.326,3.551,3.408,0.288,-2.326,-2.326,4
CCCO-Ti,1.899,-0.529,-1.57,3.021,2.429,1.041,-1.57,-1.57,4
CCCO-V,2.142,-1.318,-1.357,2.778,3.46,0.039,-1.357,-1.357,4
CCCO-Y,2.657,1.757,-0.73,2.263,0.9,2.487,-0.73,-0.73,4
CCCO-Zn,4.365,3.21,0.884,0.555,1.155,2.326,0.884,0.555,1
CCCO-Zr,1.829,-0.166,-1.574,3.091,1.995,1.409,-1.574,-1.574,4
CCCP-Ag,4.832,3.726,1.444,0.088,1.106,2.282,1.444,0.088,1
CCCP-Au,5.743,3.477,2.084,-0.823,2.266,1.393,2.084,-0.823,1
CCCP-Cd,3.408,2.353,-0.189,1.512,1.055,2.542,-0.189,-0.189,4
CCCP-Co,3.588,1.189,0.176,1.332,2.399,1.013,0.176,0.176,4
CCCP-Fe,3.451,0.407,-0.011,1.469,3.044,0.418,-0.011,-0.011,4
CCCP-Hf,1.48,-0.085,-1.962,3.44,1.565,1.877,-1.962,-1.962,4
CCCP-Hg,4.222,3.203,0.75,0.698,1.019,2.453,0.75,0.698,1
CCCP-Ir,4.071,0.42,0.299,0.849,3.651,0.121,0.299,0.121,3
CCCP-Mn,2.997,0.021,-0.294,1.923,2.976,0.315,-0.294,-0.294,4
CCCP-Nb,1.884,-1.349,-1.546,3.036,3.233,0.196,-1.546,-1.546,4
CCCP-Ni,4.056,2.43,0.685,0.864,1.626,1.745,0.685,0.685,4
CCCP-Pd,4.059,2.788,0.724,0.861,1.271,2.063,0.724,0.724,4
CCCP-Pt,4.58,2.305,0.777,0.34,2.275,1.528,0.777,0.34,1
CCCP-Ru,2.738,-0.272,-0.558,2.182,3.01,0.286,-0.558,-0.558,4
CCCP-Sc,2.646,1.273,-0.754,2.274,1.374,2.026,-0.754,-0.754,4
CCCP-Ti,1.824,-0.311,-1.637,3.096,2.135,1.326,-1.637,-1.637,4
CCCP-Y,2.663,1.386,-0.736,2.257,1.277,2.122,-0.736,-0.736,4
CCCP-Zn,4.268,3.144,0.774,0.652,1.124,2.369,0.774,0.652,1
CCCS-Ag,4.961,3.737,1.598,-0.041,1.223,2.139,1.598,-0.041,1
CCCS-Au,5.003,3.687,1.677,-0.083,1.316,2.01,1.677,-0.083,1
CCCS-Cd,3.968,2.907,0.441,0.952,1.06,2.467,0.441,0.441,4
CCCS-Co,3.87,1.39,0.592,1.05,2.48,0.798,0.592,0.592,4
CCCS-Cr,2.351,-0.883,-1.066,2.569,3.234,0.183,-1.066,-1.066,4
CCCS-Cu,4.83,3.632,1.569,0.09,1.197,2.063,1.569,0.09,1
CCCS-Fe,3.621,0.41,0.03,1.3,3.21,0.381,0.03,0.03,4
CCCS-Hf,1.747,-0.093,-1.776,3.173,1.841,1.683,-1.776,-1.776,4
CCCS-Hg,4.738,3.129,1.146,0.182,1.609,1.983,1.146,0.182,1
CCCS-Ir,3.183,0.755,-0.02,1.737,2.428,0.774,-0.02,-0.02,4
CCCS-Mn,3.372,0.145,-0.189,1.548,3.227,0.334,-0.189,-0.189,4
CCCS-Nb,1.88,-1.361,-1.675,3.04,3.241,0.314,-1.675,-1.675,4
CCCS-Ni,4.993,3.187,1.534,-0.073,1.805,1.654,1.534,-0.073,1
CCCS-Pd,5.055,3.277,1.797,-0.135,1.778,1.48,1.797,-0.135,1
CCCS-Pt,5.176,3.203,1.761,-0.256,1.973,1.442,1.761,-0.256,1
CCCS-Rh,4.044,1.416,0.276,0.876,2.628,1.141,0.276,0.276,4
CCCS-Ru,3.189,-0.267,-0.019,1.731,3.456,-0.248,-0.019,-0.248,3
CCCS-Ti,1.984,-0.432,-1.435,2.936,2.416,1.003,-1.435,-1.435,4
CCCS-V,1.706,-1.421,-1.617,3.214,3.127,0.196,-1.617,-1.617,4
CCCS-Y,2.68,1.641,-0.717,2.24,1.04,2.358,-0.717,-0.717,4
CCCS-Zn,4.401,3.284,0.898,0.519,1.116,2.387,0.898,0.519,1
CCCS-Zr,1.999,0.093,-1.419,2.921,1.906,1.512,-1.419,-1.419,4
NNNB-Ag,4.628,3.616,1.392,0.292,1.012,2.223,1.392,0.292,1
NNNB-Au,5.289,3.473,1.415,-0.369,1.816,2.059,1.415,-0.369,1
NNNB-Cd,4.197,3.076,0.7,0.723,1.121,2.376,0.7,0.7,4
NNNB-Co,3.642,1.386,0.294,1.278,2.256,1.093,0.294,0.294,4
NNNB-Cu,4.727,0.605,-0.359,0.193,4.122,0.964,-0.359,-0.359,4
NNNB-Fe,3.36,0.804,-0.101,1.56,2.556,0.905,-0.101,-0.101,4
NNNB-Hf,1.659,-0.853,-1.915,3.261,2.512,1.061,-1.915,-1.915,4
NNNB-Ir,3.152,0.834,-0.105,1.768,2.318,0.939,-0.105,-0.105,4
NNNB-Mn,3.02,0.4,-0.171,1.9,2.62,0.571,-0.171,-0.171,4
NNNB-Mo,1.955,-1.665,-1.399,2.965,3.62,-0.266,-1.399,-1.399,4
NNNB-Nb,1.462,-1.691,-1.882,3.458,3.153,0.191,-1.882,-1.882,4
NNNB-Ni,4.536,2.909,1.353,0.384,1.627,1.556,1.353,0.384,1
NNNB-Pd,4.7,3.41,-0.347,0.22,1.29,3.757,-0.347,-0.347,4
NNNB-Pt,4.617,3.384,2.051,0.303,1.233,1.332,2.051,0.303,1
NNNB-Rh,3.33,1.448,0.151,1.59,1.882,1.296,0.151,0.151,4
NNNB-Sc,1.971,0.171,-1.447,2.949,1.8,1.619,-1.447,-1.447,4
NNNB-Ta,1.209,-2.021,-2.219,3.711,3.23,0.199,-2.219,-2.219,4
NNNB-Ti,1.882,-1.0,-1.547,3.038,2.881,0.548,-1.547,-1.547,4
NNNB-V,1.933,-1.48,-1.428,2.987,3.413,-0.052,-1.428,-1.428,4
NNNB-Y,1.994,0.254,-1.428,2.926,1.74,1.682,-1.428,-1.428,4
NNNB-Zr,1.911,-0.809,-1.555,3.009,2.72,0.746,-1.555,-1.555,4
NNNC-Ag,5.116,4.519,2.056,-0.196,0.597,2.462,2.056,-0.196,1
NNNC-Cd,4.021,3.051,0.586,0.899,0.97,2.465,0.586,0.586,4
NNNC-Co,3.982,1.974,0.845,0.938,2.008,1.129,0.845,0.845,4
NNNC-Cr,2.843,-0.697,-0.535,2.077,3.541,-0.162,-0.535,-0.535,4
NNNC-Cu,4.943,4.155,1.764,-0.023,0.788,2.391,1.764,-0.023,1
NNNC-Fe,3.641,1.194,0.23,1.279,2.448,0.963,0.23,0.23,4
NNNC-Hf,1.006,-1.229,-2.527,3.914,2.235,1.299,-2.527,-2.527,4
NNNC-Hg,3.75,2.588,0.129,1.17,1.162,2.458,0.129,0.129,4
NNNC-Ir,4.158,1.798,1.022,0.762,2.36,0.775,1.022,0.762,1
NNNC-Mn,3.478,0.597,0.045,1.442,2.882,0.552,0.045,0.045,4
NNNC-Nb,1.434,-2.15,-1.975,3.486,3.584,-0.175,-1.975,-1.975,4
NNNC-Ni,4.777,3.736,1.646,0.143,1.042,2.089,1.646,0.143,1
NNNC-Pd,5.168,4.266,2.127,-0.248,0.903,2.139,2.127,-0.248,1
NNNC-Pt,5.209,4.031,2.147,-0.289,1.178,1.884,2.147,-0.289,1
NNNC-Rh,4.141,2.215,1.045,0.779,1.926,1.171,1.045,0.779,1
NNNC-Ru,2.713,0.033,-0.298,2.207,2.68,0.331,-0.298,-0.298,4
NNNC-Sc,2.275,1.186,-1.246,2.645,1.09,2.432,-1.246,-1.246,4
NNNC-Ti,1.463,-1.467,-1.967,3.457,2.93,0.5,-1.967,-1.967,4
NNNC-Y,2.351,1.449,-1.098,2.569,0.901,2.548,-1.098,-1.098,4
NNNC-Zn,4.412,3.46,1.006,0.508,0.952,2.455,1.006,0.508,1
NNNC-Zr,1.349,-1.106,-2.175,3.571,2.455,1.069,-2.175,-2.175,4
NNNO-Au,3.451,1.93,0.022,1.469,1.521,1.908,0.022,0.022,4
NNNO-Cd,3.415,2.423,-0.125,1.505,0.992,2.548,-0.125,-0.125,4
NNNO-Co,4.353,2.325,1.141,0.567,2.029,1.183,1.141,0.567,1
NNNO-Cr,3.327,0.128,-0.03,1.593,3.199,0.158,-0.03,-0.03,4
NNNO-Cu,4.448,3.083,1.039,0.472,1.365,2.044,1.039,0.472,1
NNNO-Fe,3.705,1.279,0.505,1.215,2.426,0.774,0.505,0.505,4
NNNO-Hg,4.756,3.553,1.266,0.164,1.203,2.288,1.266,0.164,1
NNNO-Ir,4.603,2.729,1.453,0.317,1.874,1.276,1.453,0.317,1
NNNO-Mn,3.643,0.781,0.12,1.277,2.862,0.661,0.12,0.12,4
NNNO-Ni,4.769,3.046,1.602,0.151,1.722,1.445,1.602,0.151,1
NNNO-Os,3.218,0.317,0.272,1.702,2.901,0.045,0.272,0.045,3
NNNO-Pt,5.22,4.46,2.408,-0.3,0.76,2.052,2.408,-0.3,1
NNNO-Rh,4.581,2.977,1.492,0.34,1.604,1.485,1.492,0.34,1
NNNO-Ru,3.321,0.773,0.283,1.599,2.548,0.49,0.283,0.283,4
NNNO-Sc,1.325,-0.268,-2.109,3.595,1.594,1.84,-2.109,-2.109,4
NNNO-Y,1.462,0.212,-2.047,3.458,1.25,2.259,-2.047,-2.047,4
NNNO-Zn,3.643,2.728,0.145,1.277,0.915,2.583,0.145,0.145,4
NNNP-Ag,4.138,3.22,0.934,0.782,0.918,2.287,0.934,0.782,1
NNNP-Au,3.873,1.914,-0.08,1.047,1.96,1.994,-0.08,-0.08,4
NNNP-Cd,3.446,2.586,0.016,1.474,0.86,2.57,0.016,0.016,4
NNNP-Co,3.905,2.101,0.936,1.015,1.804,1.165,0.936,0.936,4
NNNP-Cu,4.901,3.531,1.604,0.019,1.37,1.927,1.604,0.019,1
NNNP-Fe,3.671,1.067,0.314,1.249,2.604,0.753,0.314,0.314,4
NNNP-Hf,1.271,-1.1,-2.129,3.649,2.371,1.029,-2.129,-2.129,4
NNNP-Ir,3.941,2.236,0.931,0.979,1.705,1.306,0.931,0.931,4
NNNP-Ni,4.804,3.511,1.842,0.116,1.293,1.669,1.842,0.116,1
NNNP-Pd,5.04,3.751,2.016,-0.12,1.288,1.735,2.016,-0.12,1
NNNP-Pt,5.256,3.537,2.445,-0.336,1.719,1.092,2.445,-0.336,1
NNNP-Rh,4.169,2.464,1.1,0.751,1.705,1.364,1.1,0.751,1
NNNP-Ru,3.394,0.728,0.463,1.526,2.666,0.265,0.463,0.265,3
NNNP-Y,2.157,0.836,-1.182,2.763,1.32,2.019,-1.182,-1.182,4
NNNP-Zn,3.883,2.997,0.392,1.038,0.886,2.604,0.392,0.392,4
NNNP-Zr,1.599,-0.918,-1.827,3.321,2.518,0.909,-1.827,-1.827,4
NNNS-Au,5.115,2.512,2.021,-0.195,2.603,0.49,2.021,-0.195,1
NNNS-Cd,3.383,2.508,-0.076,1.537,0.875,2.584,-0.076,-0.076,4
NNNS-Co,4.23,2.454,1.306,0.69,1.776,1.149,1.306,0.69,1
NNNS-Cu,4.663,3.276,1.312,0.257,1.387,1.965,1.312,0.257,1
NNNS-Fe,3.809,1.408,0.564,1.111,2.401,0.845,0.564,0.564,4
NNNS-Mn,3.494,0.805,0.111,1.426,2.689,0.695,0.111,0.111,4
NNNS-Ni,4.987,3.547,1.993,-0.067,1.44,1.554,1.993,-0.067,1
NNNS-Pd,5.186,4.653,2.627,-0.266,0.533,2.026,2.627,-0.266,1
NNNS-Rh,4.667,3.205,1.718,0.253,1.462,1.487,1.718,0.253,1
NNNS-Ru,3.699,1.179,0.784,1.221,2.52,0.395,0.784,0.395,3
NNNS-Sc,1.76,0.355,-1.591,3.16,1.405,1.946,-1.591,-1.591,4
NNNS-Y,1.777,0.748,-1.652,3.143,1.029,2.4,-1.652,-1.652,4
NNNS-Zn,3.815,2.856,0.35,1.105,0.959,2.506,0.35,0.35,4
OOOC-Ag,3.843,2.871,0.663,1.077,0.972,2.208,0.663,0.663,4
OOOC-Cd,3.371,2.245,-0.205,1.549,1.126,2.451,-0.205,-0.205,4
OOOC-Cr,3.064,-0.132,-0.302,1.856,3.196,0.17,-0.302,-0.302,4
OOOC-Fe,2.987,0.459,-0.144,1.933,2.527,0.603,-0.144,-0.144,4
OOOC-Mn,2.676,0.578,-0.595,2.244,2.098,1.173,-0.595,-0.595,4
OOOC-Ni,3.177,1.535,0.027,1.743,1.642,1.509,0.027,0.027,4
OOOC-Pd,3.137,1.818,0.025,1.783,1.319,1.793,0.025,0.025,4
OOOC-Ru,3.181,0.0,0.277,1.739,3.181,-0.276,0.277,-0.276,3
OOOC-Sc,1.144,-0.868,-2.254,3.776,2.012,1.386,-2.254,-2.254,4
OOOC-Y,1.268,-0.47,-2.176,3.652,1.739,1.706,-2.176,-2.176,4
OOOC-Zn,2.603,1.301,-1.015,2.317,1.301,2.316,-1.015,-1.015,4
OOOB-Ag,4.883,3.433,1.206,0.037,1.449,2.227,1.206,0.037,1
OOOB-Au,4.656,3.333,1.332,0.264,1.323,2.002,1.332,0.264,1
OOOB-Co,2.9,0.877,-0.312,2.02,2.023,1.189,-0.312,-0.312,4
OOOB-Cr,2.677,-0.418,-0.595,2.243,3.095,0.177,-0.595,-0.595,4
OOOB-Fe,2.407,-0.021,-0.869,2.513,2.428,0.847,-0.869,-0.869,4
OOOB-Hg,3.855,2.75,0.288,1.065,1.105,2.461,0.288,0.288,4
OOOB-Ir,2.705,0.456,-0.631,2.215,2.248,1.087,-0.631,-0.631,4
OOOB-Mn,2.649,0.241,-0.831,2.271,2.408,1.072,-0.831,-0.831,4
OOOB-Ni,2.415,0.669,-0.907,2.505,1.747,1.576,-0.907,-0.907,4
OOOB-Pd,3.339,1.92,0.03,1.581,1.418,1.891,0.03,0.03,4
OOOB-Rh,2.669,0.524,1.159,2.251,2.144,-0.635,1.159,-0.635,3
OOOB-Ru,2.118,-0.036,-0.91,2.802,2.154,0.875,-0.91,-0.91,4
OOOB-Sc,1.628,-0.832,-2.003,3.292,2.459,1.171,-2.003,-2.003,4
OOOB-Y,1.607,-0.593,-1.725,3.313,2.2,1.132,-1.725,-1.725,4
OOOB-Zn,2.887,1.855,-0.718,2.033,1.032,2.572,-0.718,-0.718,4
OOOB-Zr,1.12,-2.333,-2.215,3.8,3.454,-0.119,-2.215,-2.215,4
OOON-Ag,3.497,2.523,0.24,1.423,0.974,2.284,0.24,0.24,4
OOON-Au,3.238,1.845,-0.159,1.682,1.393,2.004,-0.159,-0.159,4
OOON-Cd,4.497,2.969,0.941,0.423,1.529,2.027,0.941,0.423,1
OOON-Co,3.128,0.821,-0.15,1.792,2.307,0.971,-0.15,-0.15,4
OOON-Cr,2.494,0.004,-0.457,2.426,2.491,0.461,-0.457,-0.457,4
OOON-Cu,3.096,1.771,-0.347,1.824,1.325,2.118,-0.347,-0.347,4
OOON-Fe,2.61,0.305,-0.905,2.31,2.305,1.21,-0.905,-0.905,4
OOON-Ir,4.72,2.97,1.608,0.2,1.75,1.362,1.608,0.2,1
OOON-Mn,3.479,0.479,-1.288,1.441,3.0,1.767,-1.288,-1.288,4
OOON-Ru,3.568,1.239,0.444,1.352,2.329,0.796,0.444,0.444,4
OOON-Zn,3.446,1.84,-0.218,1.474,1.606,2.058,-0.218,-0.218,4
OOOP-Ag,4.461,3.025,1.181,0.46,1.435,1.844,1.181,0.46,1
OOOP-Cd,4.363,3.179,0.807,0.557,1.184,2.372,0.807,0.557,1
OOOP-Co,3.14,0.944,0.014,1.78,2.196,0.93,0.014,0.014,4
OOOP-Fe,2.609,0.362,-0.796,2.311,2.247,1.158,-0.796,-0.796,4
OOOP-Hg,5.024,3.593,1.591,-0.104,1.432,2.001,1.591,-0.104,1
OOOP-Ir,4.413,-0.172,1.212,0.507,4.585,-1.384,1.212,-1.384,3
OOOP-Ni,3.101,1.688,-0.321,1.819,1.413,2.009,-0.321,-0.321,4
OOOP-Pt,3.171,0.925,-0.312,1.749,2.247,1.237,-0.312,-0.312,4
OOOP-Y,1.225,-0.75,-2.134,3.695,1.975,1.384,-2.134,-2.134,4
OOOP-Zn,3.711,2.342,0.04,1.209,1.369,2.302,0.04,0.04,4
OOOS-Cd,5.447,3.703,1.943,-0.527,1.744,1.76,1.943,-0.527,1
OOOS-Co,4.354,2.077,0.456,0.566,2.277,1.62,0.456,0.456,4
OOOS-Fe,2.511,0.14,-0.936,2.409,2.371,1.076,-0.936,-0.936,4
OOOS-Os,3.635,-0.491,0.439,1.285,4.126,-0.93,0.439,-0.93,3
OOOS-Rh,6.498,1.922,0.571,-1.578,4.575,1.352,0.571,-1.578,1
OOOS-Zn,4.538,2.83,0.994,0.382,1.708,1.836,0.994,0.382,1
BBBB-Ag,4.322,3.236,1.073,0.598,1.086,2.163,1.073,0.598,1
BBBB-Au,4.18,2.347,0.872,0.74,1.834,1.475,0.872,0.74,1
BBBB-Co,3.214,1.269,-0.144,1.706,1.945,1.413,-0.144,-0.144,4
BBBB-Cr,2.562,-0.648,-0.793,2.358,3.21,0.144,-0.793,-0.793,4
BBBB-Cu,4.092,2.918,0.902,0.828,1.174,2.016,0.902,0.828,1
BBBB-Fe,2.893,0.731,-0.348,2.027,2.162,1.079,-0.348,-0.348,4
BBBB-Hf,1.016,-1.212,-2.268,3.904,2.227,1.056,-2.268,-2.268,4
BBBB-Hg,4.264,3.006,0.757,0.656,1.257,2.249,0.757,0.656,1
BBBB-Ir,3.062,0.989,-0.346,1.858,2.074,1.335,-0.346,-0.346,4
BBBB-Mn,2.968,0.223,-0.563,1.952,2.745,0.786,-0.563,-0.563,4
BBBB-Ni,3.851,1.893,0.489,1.069,1.958,1.404,0.489,0.489,4
BBBB-Os,2.744,0.06,-0.629,2.176,2.684,0.689,-0.629,-0.629,4
BBBB-Pd,3.741,2.481,0.7,1.179,1.26,1.781,0.7,0.7,4
BBBB-Pt,3.725,1.51,0.301,1.195,2.216,1.209,0.301,0.301,4
BBBB-Rh,3.531,1.841,0.15,1.389,1.689,1.691,0.15,0.15,4
BBBB-Sc,1.777,-0.277,-1.52,3.143,2.054,1.243,-1.52,-1.52,4
BBBB-Tc,2.657,0.533,-0.43,2.263,2.124,0.963,-0.43,-0.43,4
BBBB-Ti,1.662,-1.129,-1.61,3.258,2.791,0.481,-1.61,-1.61,4
BBBB-Y,1.892,0.307,-1.422,3.028,1.585,1.729,-1.422,-1.422,4
BBBB-Zn,3.342,2.145,-0.159,1.578,1.197,2.304,-0.159,-0.159,4
BBBB-Zr,5.508,-1.219,-1.857,-0.588,6.727,0.638,-1.857,-1.857,4
CCCC-Ag,5.338,4.479,2.283,-0.418,0.859,2.196,2.283,-0.418,1
CCCC-Au,5.297,4.56,2.594,-0.377,0.737,1.966,2.594,-0.377,1
CCCC-Co,3.619,1.317,0.398,1.301,2.302,0.919,0.398,0.398,4
CCCC-Cr,2.537,-0.686,-0.899,2.383,3.223,0.213,-0.899,-0.899,4
CCCC-Cu,5.291,4.309,2.235,-0.371,0.982,2.074,2.235,-0.371,1
CCCC-Fe,3.498,0.426,0.142,1.422,3.072,0.285,0.142,0.142,4
CCCC-Hf,2.077,0.691,-1.405,2.843,1.386,2.096,-1.405,-1.405,4
CCCC-Hg,5.347,4.713,2.367,-0.427,0.634,2.346,2.367,-0.427,1
CCCC-Ir,3.148,0.123,-0.091,1.772,3.025,0.213,-0.091,-0.091,4
CCCC-Mn,3.04,-0.037,-0.198,1.88,3.078,0.16,-0.198,-0.198,4
CCCC-Mo,2.187,-1.248,-1.154,2.733,3.435,-0.094,-1.154,-1.154,4
CCCC-Pd,4.447,2.941,1.348,0.473,1.506,1.594,1.348,0.473,1
CCCC-Pt,4.409,2.285,1.214,0.511,2.123,1.072,1.214,0.511,1
CCCC-Rh,3.311,1.069,0.343,1.609,2.242,0.726,0.343,0.343,4
CCCC-Ru,3.164,-0.102,-0.257,1.756,3.266,0.155,-0.257,-0.257,4
CCCC-Sc,2.806,1.606,-0.531,2.114,1.201,2.136,-0.531,-0.531,4
CCCC-Ta,1.393,-1.164,-2.077,3.527,2.558,0.912,-2.077,-2.077,4
CCCC-Ti,2.24,0.521,-1.128,2.68,1.718,1.65,-1.128,-1.128,4
CCCC-V,2.016,-0.933,-1.387,2.904,2.949,0.454,-1.387,-1.387,4
CCCC-W,1.865,-1.758,-1.585,3.055,3.624,-0.173,-1.585,-1.585,4
CCCC-Y,2.689,1.459,-0.581,2.231,1.23,2.04,-0.581,-0.581,4
CCCC-Zn,4.931,4.249,1.831,-0.011,0.682,2.418,1.831,-0.011,1
CCCC-Zr,2.353,0.858,-1.025,2.567,1.495,1.883,-1.025,-1.025,4
NNNN-Ag,5.14,4.817,1.301,-0.22,0.323,3.515,1.301,-0.22,1
NNNN-Au,5.109,5.19,2.379,-0.189,-0.081,2.811,2.379,-0.189,1
NNNN-Co,4.2,2.564,1.106,0.72,1.636,1.459,1.106,0.72,1
NNNN-Cr,3.331,-0.093,0.048,1.589,3.424,-0.141,0.048,-0.141,3
NNNN-Cu,4.924,3.948,1.829,-0.004,0.976,2.119,1.829,-0.004,1
NNNN-Fe,3.742,1.371,0.622,1.178,2.371,0.748,0.622,0.622,4
NNNN-Hf,0.821,-1.846,-2.728,4.099,2.667,0.882,-2.728,-2.728,4
NNNN-Hg,4.527,3.353,1.095,0.393,1.175,2.257,1.095,0.393,1
NNNN-Ir,4.247,2.29,1.123,0.673,1.957,1.167,1.123,0.673,1
NNNN-Mn,3.74,1.073,0.478,1.18,2.667,0.595,0.478,0.478,4
NNNN-Ni,5.077,3.959,2.107,-0.157,1.118,1.852,2.107,-0.157,1
NNNN-Os,2.675,-0.129,-0.032,2.245,2.804,-0.097,-0.032,-0.097,3
NNNN-Pd,5.215,4.579,2.441,-0.295,0.636,2.138,2.441,-0.295,1
NNNN-Pt,5.439,4.417,2.463,-0.519,1.022,1.955,2.463,-0.519,1
NNNN-Rh,4.182,2.568,1.074,0.738,1.614,1.494,1.074,0.738,1
NNNN-Ru,3.074,0.545,0.088,1.846,2.528,0.457,0.088,0.088,4
NNNN-Sc,1.815,0.506,-1.734,3.105,1.309,2.239,-1.734,-1.734,4
NNNN-Ti,1.466,-1.933,-2.016,3.454,3.399,0.083,-2.016,-2.016,4
NNNN-Y,1.859,0.95,-1.515,3.061,0.909,2.464,-1.515,-1.515,4
NNNN-Zn,4.104,3.218,0.718,0.816,0.885,2.5,0.718,0.718,4
NNNN-Zr,1.072,-1.688,-2.439,3.848,2.76,0.751,-2.439,-2.439,4
PPPP-Ag,3.674,3.035,0.658,1.246,0.639,2.377,0.658,0.639,2
PPPP-Au,3.562,2.243,0.381,1.358,1.319,1.863,0.381,0.381,4
PPPP-Cd,3.993,2.988,0.902,0.927,1.005,2.086,0.902,0.902,4
PPPP-Co,4.256,2.403,0.993,0.664,1.853,1.41,0.993,0.664,1
PPPP-Cu,3.094,2.202,-0.048,1.826,0.892,2.25,-0.048,-0.048,4
PPPP-Fe,3.541,1.36,0.315,1.379,2.18,1.045,0.315,0.315,4
PPPP-Ni,4.455,4.037,1.49,0.465,0.418,2.547,1.49,0.418,2
PPPP-Pd,3.756,2.53,0.433,1.164,1.226,2.096,0.433,0.433,4
PPPP-Pt,3.285,1.425,-0.201,1.635,1.86,1.625,-0.201,-0.201,4
PPPP-Ru,3.862,1.458,0.637,1.058,2.404,0.82,0.637,0.637,4
PPPP-Zn,3.408,2.144,0.012,1.512,1.264,2.132,0.012,0.012,4
PPPP-Zr,2.344,-0.333,-1.098,2.576,2.677,0.765,-1.098,-1.098,4
OOOO-Ag,3.913,2.921,0.496,1.007,0.992,2.425,0.496,0.496,4
OOOO-Cd,5.7,4.044,2.192,-0.78,1.656,1.852,2.192,-0.78,1
OOOO-Co,2.826,0.371,-0.452,2.094,2.455,0.822,-0.452,-0.452,4
OOOO-Cu,2.803,1.433,-0.697,2.117,1.37,2.13,-0.697,-0.697,4
OOOO-Ir,4.73,3.22,1.802,0.19,1.51,1.418,1.802,0.19,1
OOOO-Ni,2.315,0.205,-1.076,2.605,2.11,1.281,-1.076,-1.076,4
OOOO-Pd,3.507,1.955,0.425,1.413,1.552,1.529,0.425,0.425,4
OOOO-Pt,2.528,0.193,-0.643,2.392,2.335,0.836,-0.643,-0.643,4
OOOO-Zn,4.887,3.108,1.291,0.033,1.78,1.816,1.291,0.033,1
SSSS-Ag,3.878,2.729,0.355,1.042,1.149,2.374,0.355,0.355,4
SSSS-Co,1.901,1.773,0.41,3.019,0.128,1.363,0.41,0.128,2
SSSS-Fe,3.538,2.88,0.732,1.382,0.659,2.148,0.732,0.659,2
SSSS-Hg,5.543,4.38,2.48,-0.623,1.163,1.9,2.48,-0.623,1
SSSS-Ir,4.699,1.683,1.208,0.221,3.016,0.475,1.208,0.221,1
SSSS-Rh,4.977,4.078,1.519,-0.057,0.899,2.559,1.519,-0.057,1
SSSS-Zn,4.063,2.84,1.809,0.857,1.223,1.032,1.809,0.857,1
CBON-Ag,4.216,3.042,1.045,0.704,1.174,1.997,1.045,0.704,1
CONN-Au,3.828,2.372,0.451,1.092,1.456,1.921,0.451,0.451,4
CONN-Cd,3.917,2.919,0.42,1.003,0.998,2.499,0.42,0.42,4
CONN-Co,4.154,2.083,1.039,0.766,2.071,1.044,1.039,0.766,1
CONN-Cr,3.143,-0.253,-0.236,1.777,3.396,-0.017,-0.236,-0.236,4
CONN-Cu,4.611,3.497,1.386,0.309,1.114,2.112,1.386,0.309,1
CONN-Fe,3.779,1.131,0.352,1.141,2.648,0.779,0.352,0.352,4
CONN-Hg,3.646,2.559,0.16,1.274,1.087,2.399,0.16,0.16,4
CONN-Ir,4.05,1.278,0.875,0.87,2.772,0.403,0.875,0.403,3
CONN-Mn,3.394,0.686,0.023,1.526,2.708,0.663,0.023,0.023,4
CONN-Ni,4.87,3.366,1.763,0.05,1.504,1.603,1.763,0.05,1
CONN-Pd,5.169,4.465,1.941,-0.249,0.704,2.524,1.941,-0.249,1
CONN-Pt,5.241,3.279,1.837,-0.321,1.962,1.442,1.837,-0.321,1
CONN-Rh,3.996,1.932,0.838,0.924,2.064,1.094,0.838,0.838,4
CONN-Ru,3.364,0.242,-0.121,1.556,3.122,0.364,-0.121,-0.121,4
CONN-Sc,1.602,0.709,-1.769,3.318,0.893,2.479,-1.769,-1.769,4
CONN-Ti,1.307,-2.106,-2.127,3.613,3.412,0.021,-2.127,-2.127,4
CONN-Y,1.813,0.921,-1.612,3.107,0.892,2.533,-1.612,-1.612,4
CONN-Zn,4.278,3.303,0.835,0.642,0.976,2.468,0.835,0.642,1
CONN-Zr,1.01,-1.935,-2.435,3.91,2.945,0.5,-2.435,-2.435,4
CPNN-Ag,4.295,3.402,1.149,0.625,0.893,2.253,1.149,0.625,1
CPNN-Au,5.175,3.727,1.539,-0.255,1.448,2.189,1.539,-0.255,1
CPNN-Cd,3.537,2.504,0.022,1.383,1.033,2.482,0.022,0.022,4
CPNN-Co,3.669,1.384,0.359,1.251,2.285,1.025,0.359,0.359,4
CPNN-Cu,5.028,4.032,1.845,-0.108,0.997,2.187,1.845,-0.108,1
CPNN-Fe,3.335,0.686,0.026,1.585,2.65,0.659,0.026,0.026,4
CPNN-Hf,1.591,-1.217,-2.106,3.329,2.808,0.889,-2.106,-2.106,4
CPNN-Hg,5.06,3.789,1.604,-0.14,1.272,2.185,1.604,-0.14,1
CPNN-Ir,3.78,1.574,0.644,1.14,2.206,0.93,0.644,0.644,4
CPNN-Mn,3.132,0.141,-0.13,1.788,2.991,0.271,-0.13,-0.13,4
CPNN-Ni,4.267,3.137,1.204,0.653,1.13,1.933,1.204,0.653,1
CPNN-Pd,4.474,3.248,1.361,0.446,1.226,1.887,1.361,0.446,1
CPNN-Pt,4.445,3.374,1.311,0.475,1.071,2.062,1.311,0.475,1
CPNN-Rh,4.172,1.96,0.807,0.748,2.211,1.153,0.807,0.748,1
CPNN-Ru,3.418,0.173,0.183,1.502,3.246,-0.01,0.183,-0.01,3
CPNN-Sc,2.003,0.23,-1.45,2.917,1.773,1.68,-1.45,-1.45,4
CPNN-Ti,1.747,-1.351,-1.837,3.173,3.098,0.486,-1.837,-1.837,4
CPNN-V,1.97,-1.516,-1.558,2.95,3.486,0.041,-1.558,-1.558,4
CPNN-Y,1.946,0.419,-1.516,2.974,1.528,1.935,-1.516,-1.516,4
CPNN-Zn,3.723,2.679,0.191,1.197,1.044,2.488,0.191,0.191,4
CPNN-Zr,1.547,-1.089,-1.743,3.373,2.636,0.655,-1.743,-1.743,4
CSNN-Ag,4.081,3.066,0.735,0.839,1.015,2.331,0.735,0.735,4
CSNN-Au,3.627,2.263,0.684,1.293,1.364,1.579,0.684,0.684,4
CSNN-Cd,3.942,2.887,0.383,0.978,1.056,2.504,0.383,0.383,4
CSNN-Co,4.136,2.211,1.001,0.784,1.925,1.21,1.001,0.784,1
CSNN-Cr,3.143,-0.408,-0.224,1.777,3.551,-0.183,-0.224,-0.224,4
CSNN-Cu,4.705,3.652,1.49,0.215,1.053,2.162,1.49,0.215,1
CSNN-Fe,3.787,1.172,0.352,1.133,2.615,0.82,0.352,0.352,4
CSNN-Hf,0.993,-1.696,-2.52,3.927,2.689,0.825,-2.52,-2.52,4
CSNN-Hg,4.436,3.813,0.902,0.484,0.623,2.912,0.902,0.484,1
CSNN-Ir,4.153,2.27,1.048,0.767,1.882,1.223,1.048,0.767,1
CSNN-Mn,3.503,0.611,0.066,1.417,2.892,0.545,0.066,0.066,4
CSNN-Ni,4.868,3.864,1.833,0.052,1.004,2.032,1.833,0.052,1
CSNN-Pd,5.369,3.998,2.236,-0.449,1.371,1.761,2.236,-0.449,1
CSNN-Pt,5.469,3.964,2.277,-0.549,1.505,1.687,2.277,-0.549,1
CSNN-Rh,3.987,2.424,1.023,0.933,1.563,1.401,1.023,0.933,1
CSNN-Ru,3.139,0.476,0.146,1.781,2.662,0.331,0.146,0.146,4
CSNN-Sc,1.956,0.798,-1.441,2.964,1.158,2.239,-1.441,-1.441,4
CSNN-Ti,1.844,-1.595,-1.762,3.076,3.44,0.167,-1.762,-1.762,4
CSNN-Y,1.967,1.114,-1.389,2.953,0.854,2.503,-1.389,-1.389,4
CSNN-Zn,4.31,3.351,0.83,0.61,0.96,2.521,0.83,0.61,1
CSNN-Zr,1.283,-1.517,-2.139,3.637,2.8,0.622,-2.139,-2.139,4
