materials,property,LSm,HSm,dCSm,pCHa,FLs,ECSm,EISm,EASm,EFs,AEAHa,RSm,ARpHa,MdLSm,DSm,AqHa,ENSm,NdSm
CBON-6-Ag,0.4607,-3.8403,-4.5659,-3.7706,-3.48967,-3.7803,-2.0183,7.576,1.302,3.14247,0.85145,1.6,0.61175,4.45,10.49,0.43015,1.93,10.0
CBON-6-Au,-0.34931,-5.2426,-5.9456,-3.2861,-3.48967,-3.7803,-2.4188,9.225,2.309,3.14247,0.85145,1.35,0.61175,5.15,19.3,0.43015,2.54,10.0
CBON-6-Co,0.06025,-3.9152,-3.9463,-1.6744,-3.48967,-3.7803,-5.1966,7.881,0.66,3.14247,0.85145,1.35,0.61175,5.1,8.9,0.43015,1.88,7.0
CBON-6-Cu,0.56553,-3.9515,-4.7251,-2.3336,-3.48967,-3.7803,-3.0383,7.727,1.227,3.14247,0.85145,1.35,0.61175,4.55,8.96,0.43015,1.9,10.0
CBON-6-Fe,-0.3024,-4.2604,-4.3671,-1.1981,-3.48967,-3.7803,-4.8008,7.903,0.163,3.14247,0.85145,1.4,0.61175,4.93,7.874,0.43015,1.83,6.0
CBON-6-Hg,-0.01332,-0.7065,-6.681,-6.1561,-3.48967,-3.7803,0.3374,10.438,0.0,3.14247,0.85145,1.5,0.61175,4.2,13.534,0.43015,2.0,10.0
CBON-6-Ir,0.09762,-4.9944,-5.0181,-2.4149,-3.48967,-3.7803,-7.0859,9.12,1.57,3.14247,0.85145,1.35,0.61175,5.55,22.56,0.43015,2.2,7.0
CBON-6-Mn,-0.16692,-3.4853,-4.3042,-0.5789,-3.48967,-3.7803,-3.1315,7.434,0.0,3.14247,0.85145,1.4,0.61175,4.45,7.47,0.43015,1.55,5.0
CBON-6-Ni,0.49501,-3.7066,-3.88,-1.5395,-3.48967,-3.7803,-4.4744,7.64,1.16,3.14247,0.85145,1.35,0.61175,5.2,8.908,0.43015,1.91,8.0
CBON-6-Pd,0.14328,-3.2381,-3.9768,-1.4843,-3.48967,-3.7803,-3.0964,8.337,0.557,3.14247,0.85145,1.4,0.61175,5.45,12.023,0.43015,2.2,10.0
CBON-6-Pt,0.55595,-4.9378,-5.5279,-2.3468,-3.48967,-3.7803,-4.9436,9.02,2.128,3.14247,0.85145,1.35,0.61175,5.65,21.45,0.43015,2.28,9.0
CBON-6-Rh,-0.01662,-3.2357,-3.9932,-1.7582,-3.48967,-3.7803,-5.4804,7.459,1.137,3.14247,0.85145,1.35,0.61175,5.4,12.45,0.43015,2.28,8.0
CBON-6-Sc,-2.0901,-3.2576,-3.8073,2.2982,-3.48967,-3.7803,-4.1601,6.562,0.188,3.14247,0.85145,1.6,0.61175,3.25,2.985,0.43015,1.36,1.0
CBON-6-Y,-2.14153,-2.4603,-3.602,2.5942,-3.48967,-3.7803,-4.2729,6.22,0.307,3.14247,0.85145,1.8,0.61175,3.2,4.472,0.43015,1.22,1.0
CBON-6-Zn,-0.1057,-0.6498,-5.8522,-6.6672,-3.48967,-3.7803,-0.717,9.394,0.0,3.14247,0.85145,1.35,0.61175,4.1,7.14,0.43015,1.65,10.0
CBOP-6-Ag,0.10524,-3.8403,-4.5659,-3.7706,-3.19784,-3.5904,-2.0183,7.576,1.302,5.31172,1.0197,1.6,0.7255,4.45,10.49,-0.96245,1.93,10.0
CBOP-6-Au,-0.43799,-5.2426,-5.9456,-3.2861,-3.19784,-3.5904,-2.4188,9.225,2.309,5.31172,1.0197,1.35,0.7255,5.15,19.3,-0.96245,2.54,10.0
CBOP-6-Cd,0.64446,-0.7368,-5.4994,-7.6339,-3.19784,-3.5904,-0.3509,8.994,0.0,5.31172,1.0197,1.55,0.7255,4.05,8.65,-0.96245,1.69,10.0
CBOP-6-Co,-0.1838,-3.9152,-3.9463,-1.6744,-3.19784,-3.5904,-5.1966,7.881,0.66,5.31172,1.0197,1.35,0.7255,5.1,8.9,-0.96245,1.88,7.0
CBOP-6-Cu,0.5892,-3.9515,-4.7251,-2.3336,-3.19784,-3.5904,-3.0383,7.727,1.227,5.31172,1.0197,1.35,0.7255,4.55,8.96,-0.96245,1.9,10.0
CBOP-6-Fe,-0.17815,-4.2604,-4.3671,-1.1981,-3.19784,-3.5904,-4.8008,7.903,0.163,5.31172,1.0197,1.4,0.7255,4.93,7.874,-0.96245,1.83,6.0
CBOP-6-Hf,-1.96347,-2.9349,-4.3792,2.1396,-3.19784,-3.5904,-6.4029,6.825,0.0,5.31172,1.0197,1.55,0.7255,3.55,13.31,-0.96245,1.3,2.0
CBOP-6-Hg,-0.21217,-0.7065,-6.681,-6.1561,-3.19784,-3.5904,0.3374,10.438,0.0,5.31172,1.0197,1.5,0.7255,4.2,13.534,-0.96245,2.0,10.0
CBOP-6-Ir,-0.34765,-4.9944,-5.0181,-2.4149,-3.19784,-3.5904,-7.0859,9.12,1.57,5.31172,1.0197,1.35,0.7255,5.55,22.56,-0.96245,2.2,7.0
CBOP-6-Mn,-0.53019,-3.4853,-4.3042,-0.5789,-3.19784,-3.5904,-3.1315,7.434,0.0,5.31172,1.0197,1.4,0.7255,4.45,7.47,-0.96245,1.55,5.0
CBOP-6-Mo,-0.97089,-1.7437,-4.5378,-0.1961,-3.19784,-3.5904,-5.705,7.092,0.745,5.31172,1.0197,1.45,0.7255,4.65,10.28,-0.96245,2.16,5.0
CBOP-6-Ni,0.70365,-3.7066,-3.88,-1.5395,-3.19784,-3.5904,-4.4744,7.64,1.16,5.31172,1.0197,1.35,0.7255,5.2,8.908,-0.96245,1.91,8.0
CBOP-6-Pt,0.14814,-4.9378,-5.5279,-2.3468,-3.19784,-3.5904,-4.9436,9.02,2.128,5.31172,1.0197,1.35,0.7255,5.65,21.45,-0.96245,2.28,9.0
CBOP-6-Rh,-0.05292,-3.2357,-3.9932,-1.7582,-3.19784,-3.5904,-5.4804,7.459,1.137,5.31172,1.0197,1.35,0.7255,5.4,12.45,-0.96245,2.28,8.0
CBOP-6-Ru,-0.17694,-3.7016,-4.6195,-1.515,-3.19784,-3.5904,-6.5823,7.361,1.05,5.31172,1.0197,1.3,0.7255,5.4,12.37,-0.96245,2.2,7.0
CBOP-6-Zn,-0.15866,-0.6498,-5.8522,-6.6672,-3.19784,-3.5904,-0.717,9.394,0.0,5.31172,1.0197,1.35,0.7255,4.1,7.14,-0.96245,1.65,10.0
CBOP-6-Zr,-1.65627,-2.7471,-2.8313,1.7376,-3.19784,-3.5904,-6.2538,6.634,0.426,5.31172,1.0197,1.55,0.7255,3.4,6.511,-0.96245,1.33,2.0
CBOS-6-Ag,0.28245,-3.8403,-4.5659,-3.7706,-3.97881,-3.1559,-2.0183,7.576,1.302,4.66592,1.35145,1.6,0.69475,4.45,10.49,-0.96032,1.93,10.0
CBOS-6-Au,-0.25173,-5.2426,-5.9456,-3.2861,-3.97881,-3.1559,-2.4188,9.225,2.309,4.66592,1.35145,1.35,0.69475,5.15,19.3,-0.96032,2.54,10.0
CBOS-6-Cd,0.6784,-0.7368,-5.4994,-7.6339,-3.97881,-3.1559,-0.3509,8.994,0.0,4.66592,1.35145,1.55,0.69475,4.05,8.65,-0.96032,1.69,10.0
CBOS-6-Co,-0.10657,-3.9152,-3.9463,-1.6744,-3.97881,-3.1559,-5.1966,7.881,0.66,4.66592,1.35145,1.35,0.69475,5.1,8.9,-0.96032,1.88,7.0
CBOS-6-Cu,0.24797,-3.9515,-4.7251,-2.3336,-3.97881,-3.1559,-3.0383,7.727,1.227,4.66592,1.35145,1.35,0.69475,4.55,8.96,-0.96032,1.9,10.0
CBOS-6-Fe,-0.33683,-4.2604,-4.3671,-1.1981,-3.97881,-3.1559,-4.8008,7.903,0.163,4.66592,1.35145,1.4,0.69475,4.93,7.874,-0.96032,1.83,6.0
CBOS-6-Hg,0.11671,-0.7065,-6.681,-6.1561,-3.97881,-3.1559,0.3374,10.438,0.0,4.66592,1.35145,1.5,0.69475,4.2,13.534,-0.96032,2.0,10.0
CBOS-6-Ir,-0.33938,-4.9944,-5.0181,-2.4149,-3.97881,-3.1559,-7.0859,9.12,1.57,4.66592,1.35145,1.35,0.69475,5.55,22.56,-0.96032,2.2,7.0
CBOS-6-Nb,-1.34482,-1.9019,-3.643,1.3534,-3.97881,-3.1559,-6.5678,6.759,0.892,4.66592,1.35145,1.45,0.69475,4.0,8.57,-0.96032,1.6,4.0
CBOS-6-Ni,0.48406,-3.7066,-3.88,-1.5395,-3.97881,-3.1559,-4.4744,7.64,1.16,4.66592,1.35145,1.35,0.69475,5.2,8.908,-0.96032,1.91,8.0
CBOS-6-Pd,0.22146,-3.2381,-3.9768,-1.4843,-3.97881,-3.1559,-3.0964,8.337,0.557,4.66592,1.35145,1.4,0.69475,5.45,12.023,-0.96032,2.2,10.0
CBOS-6-Pt,-0.30914,-4.9378,-5.5279,-2.3468,-3.97881,-3.1559,-4.9436,9.02,2.128,4.66592,1.35145,1.35,0.69475,5.65,21.45,-0.96032,2.28,9.0
CBOS-6-Rh,0.0894,-3.2357,-3.9932,-1.7582,-3.97881,-3.1559,-5.4804,7.459,1.137,4.66592,1.35145,1.35,0.69475,5.4,12.45,-0.96032,2.28,8.0
CBOS-6-Ru,-0.5674,-3.7016,-4.6195,-1.515,-3.97881,-3.1559,-6.5823,7.361,1.05,4.66592,1.35145,1.3,0.69475,5.4,12.37,-0.96032,2.2,7.0
CBOS-6-Zn,-0.01957,-0.6498,-5.8522,-6.6672,-3.97881,-3.1559,-0.717,9.394,0.0,4.66592,1.35145,1.35,0.69475,4.1,7.14,-0.96032,1.65,10.0
CPNB-1-Ag,0.78846,-3.8403,-4.5659,-3.7706,-2.82556,-3.4352,-2.0183,7.576,1.302,6.32535,0.6727,1.6,0.746,4.45,10.49,-0.94617,1.93,10.0
CPNB-1-Cd,0.50175,-0.7368,-5.4994,-7.6339,-2.82556,-3.4352,-0.3509,8.994,0.0,6.32535,0.6727,1.55,0.746,4.05,8.65,-0.94617,1.69,10.0
CPNB-1-Co,-0.09804,-3.9152,-3.9463,-1.6744,-2.82556,-3.4352,-5.1966,7.881,0.66,6.32535,0.6727,1.35,0.746,5.1,8.9,-0.94617,1.88,7.0
CPNB-1-Cu,-0.00737,-3.9515,-4.7251,-2.3336,-2.82556,-3.4352,-3.0383,7.727,1.227,6.32535,0.6727,1.35,0.746,4.55,8.96,-0.94617,1.9,10.0
CPNB-1-Fe,-0.22926,-4.2604,-4.3671,-1.1981,-2.82556,-3.4352,-4.8008,7.903,0.163,6.32535,0.6727,1.4,0.746,4.93,7.874,-0.94617,1.83,6.0
CPNB-1-Hf,-1.77925,-2.9349,-4.3792,2.1396,-2.82556,-3.4352,-6.4029,6.825,0.0,6.32535,0.6727,1.55,0.746,3.55,13.31,-0.94617,1.3,2.0
CPNB-1-Hg,0.15247,-0.7065,-6.681,-6.1561,-2.82556,-3.4352,0.3374,10.438,0.0,6.32535,0.6727,1.5,0.746,4.2,13.534,-0.94617,2.0,10.0
CPNB-1-Ir,0.07915,-4.9944,-5.0181,-2.4149,-2.82556,-3.4352,-7.0859,9.12,1.57,6.32535,0.6727,1.35,0.746,5.55,22.56,-0.94617,2.2,7.0
CPNB-1-Ni,0.70112,-3.7066,-3.88,-1.5395,-2.82556,-3.4352,-4.4744,7.64,1.16,6.32535,0.6727,1.35,0.746,5.2,8.908,-0.94617,1.91,8.0
CPNB-1-Pd,0.80536,-3.2381,-3.9768,-1.4843,-2.82556,-3.4352,-3.0964,8.337,0.557,6.32535,0.6727,1.4,0.746,5.45,12.023,-0.94617,2.2,10.0
CPNB-1-Pt,0.46499,-4.9378,-5.5279,-2.3468,-2.82556,-3.4352,-4.9436,9.02,2.128,6.32535,0.6727,1.35,0.746,5.65,21.45,-0.94617,2.28,9.0
CPNB-1-Rh,0.3743,-3.2357,-3.9932,-1.7582,-2.82556,-3.4352,-5.4804,7.459,1.137,6.32535,0.6727,1.35,0.746,5.4,12.45,-0.94617,2.28,8.0
CPNB-1-Zn,0.54254,-0.6498,-5.8522,-6.6672,-2.82556,-3.4352,-0.717,9.394,0.0,6.32535,0.6727,1.35,0.746,4.1,7.14,-0.94617,1.65,10.0
CPNB-1-Zr,-1.37599,-2.7471,-2.8313,1.7376,-2.82556,-3.4352,-6.2538,6.634,0.426,6.32535,0.6727,1.55,0.746,3.4,6.511,-0.94617,1.33,2.0
CPNO-1-Ag,0.19498,-3.8403,-4.5659,-3.7706,-4.56913,-3.1863,-2.0183,7.576,1.302,3.29672,0.96877,1.6,0.6465,4.45,10.49,0.36096,1.93,10.0
CPNO-1-Au,-0.3969,-5.2426,-5.9456,-3.2861,-4.56913,-3.1863,-2.4188,9.225,2.309,3.29672,0.96877,1.35,0.6465,5.15,19.3,0.36096,2.54,10.0
CPNO-1-Cd,0.49654,-0.7368,-5.4994,-7.6339,-4.56913,-3.1863,-0.3509,8.994,0.0,3.29672,0.96877,1.55,0.6465,4.05,8.65,0.36096,1.69,10.0
CPNO-1-Co,0.55278,-3.9152,-3.9463,-1.6744,-4.56913,-3.1863,-5.1966,7.881,0.66,3.29672,0.96877,1.35,0.6465,5.1,8.9,0.36096,1.88,7.0
CPNO-1-Cr,-0.64531,-1.6383,-3.5634,-0.0056,-4.56913,-3.1863,-3.5882,6.767,0.666,3.29672,0.96877,1.4,0.6465,4.65,7.19,0.36096,1.66,5.0
CPNO-1-Cu,0.4488,-3.9515,-4.7251,-2.3336,-4.56913,-3.1863,-3.0383,7.727,1.227,3.29672,0.96877,1.35,0.6465,4.55,8.96,0.36096,1.9,10.0
CPNO-1-Fe,-0.1475,-4.2604,-4.3671,-1.1981,-4.56913,-3.1863,-4.8008,7.903,0.163,3.29672,0.96877,1.4,0.6465,4.93,7.874,0.36096,1.83,6.0
CPNO-1-Hg,-0.51078,-0.7065,-6.681,-6.1561,-4.56913,-3.1863,0.3374,10.438,0.0,3.29672,0.96877,1.5,0.6465,4.2,13.534,0.36096,2.0,10.0
CPNO-1-Ir,0.32046,-4.9944,-5.0181,-2.4149,-4.56913,-3.1863,-7.0859,9.12,1.57,3.29672,0.96877,1.35,0.6465,5.55,22.56,0.36096,2.2,7.0
CPNO-1-Mn,-0.30948,-3.4853,-4.3042,-0.5789,-4.56913,-3.1863,-3.1315,7.434,0.0,3.29672,0.96877,1.4,0.6465,4.45,7.47,0.36096,1.55,5.0
CPNO-1-Pd,0.63569,-3.2381,-3.9768,-1.4843,-4.56913,-3.1863,-3.0964,8.337,0.557,3.29672,0.96877,1.4,0.6465,5.45,12.023,0.36096,2.2,10.0
CPNO-1-Pt,0.11006,-4.9378,-5.5279,-2.3468,-4.56913,-3.1863,-4.9436,9.02,2.128,3.29672,0.96877,1.35,0.6465,5.65,21.45,0.36096,2.28,9.0
CPNO-1-Rh,0.11965,-3.2357,-3.9932,-1.7582,-4.56913,-3.1863,-5.4804,7.459,1.137,3.29672,0.96877,1.35,0.6465,5.4,12.45,0.36096,2.28,8.0
CPNO-1-Ru,0.02062,-3.7016,-4.6195,-1.515,-4.56913,-3.1863,-6.5823,7.361,1.05,3.29672,0.96877,1.3,0.6465,5.4,12.37,0.36096,2.2,7.0
CPNO-1-Sc,-1.33125,-3.2576,-3.8073,2.2982,-4.56913,-3.1863,-4.1601,6.562,0.188,3.29672,0.96877,1.6,0.6465,3.25,2.985,0.36096,1.36,1.0
CPNO-1-Y,-1.37668,-2.4603,-3.602,2.5942,-4.56913,-3.1863,-4.2729,6.22,0.307,3.29672,0.96877,1.8,0.6465,3.2,4.472,0.36096,1.22,1.0
CPNO-1-Zn,-0.23196,-0.6498,-5.8522,-6.6672,-4.56913,-3.1863,-0.717,9.394,0.0,3.29672,0.96877,1.35,0.6465,4.1,7.14,0.36096,1.65,10.0
CPNS-1-Ag,0.30512,-3.8403,-4.5659,-3.7706,-3.80438,-3.0399,-2.0183,7.576,1.302,5.55601,1.12177,1.6,0.75,4.45,10.49,-0.2931,1.93,10.0
CPNS-1-Fe,0.26151,-4.2604,-4.3671,-1.1981,-3.80438,-3.0399,-4.8008,7.903,0.163,5.55601,1.12177,1.4,0.75,4.93,7.874,-0.2931,1.83,6.0
CPNS-1-Hg,-0.56649,-0.7065,-6.681,-6.1561,-3.80438,-3.0399,0.3374,10.438,0.0,5.55601,1.12177,1.5,0.75,4.2,13.534,-0.2931,2.0,10.0
CPNS-1-Ni,-0.00541,-3.7066,-3.88,-1.5395,-3.80438,-3.0399,-4.4744,7.64,1.16,5.55601,1.12177,1.35,0.75,5.2,8.908,-0.2931,1.91,8.0
CPNS-1-Pd,-0.04557,-3.2381,-3.9768,-1.4843,-3.80438,-3.0399,-3.0964,8.337,0.557,5.55601,1.12177,1.4,0.75,5.45,12.023,-0.2931,2.2,10.0
CPNS-1-Pt,-0.00821,-4.9378,-5.5279,-2.3468,-3.80438,-3.0399,-4.9436,9.02,2.128,5.55601,1.12177,1.35,0.75,5.65,21.45,-0.2931,2.28,9.0
CPNS-1-Rh,0.52588,-3.2357,-3.9932,-1.7582,-3.80438,-3.0399,-5.4804,7.459,1.137,5.55601,1.12177,1.35,0.75,5.4,12.45,-0.2931,2.28,8.0
CPNS-1-Ru,0.17934,-3.7016,-4.6195,-1.515,-3.80438,-3.0399,-6.5823,7.361,1.05,5.55601,1.12177,1.3,0.75,5.4,12.37,-0.2931,2.2,7.0
CPNS-1-Sc,-1.15445,-3.2576,-3.8073,2.2982,-3.80438,-3.0399,-4.1601,6.562,0.188,5.55601,1.12177,1.6,0.75,3.25,2.985,-0.2931,1.36,1.0
CPNS-1-Y,-1.18734,-2.4603,-3.602,2.5942,-3.80438,-3.0399,-4.2729,6.22,0.307,5.55601,1.12177,1.8,0.75,3.2,4.472,-0.2931,1.22,1.0
CPNS-1-Zn,0.08049,-0.6498,-5.8522,-6.6672,-3.80438,-3.0399,-0.717,9.394,0.0,5.55601,1.12177,1.35,0.75,4.1,7.14,-0.2931,1.65,10.0
CPNS-1-Zr,-1.98009,-2.7471,-2.8313,1.7376,-3.80438,-3.0399,-6.2538,6.634,0.426,5.55601,1.12177,1.55,0.75,3.4,6.511,-0.2931,1.33,2.0
SBNC-3-Au,0.74484,-5.2426,-5.9456,-3.2861,-3.20891,-3.4506,-2.4188,9.225,2.309,6.59536,1.00445,1.35,0.71525,5.15,19.3,-0.03119,2.54,10.0
SBNC-3-Cd,-0.06453,-0.7368,-5.4994,-7.6339,-3.20891,-3.4506,-0.3509,8.994,0.0,6.59536,1.00445,1.55,0.71525,4.05,8.65,-0.03119,1.69,10.0
SBNC-3-Cr,-0.95042,-1.6383,-3.5634,-0.0056,-3.20891,-3.4506,-3.5882,6.767,0.666,6.59536,1.00445,1.4,0.71525,4.65,7.19,-0.03119,1.66,5.0
SBNC-3-Cu,-0.18208,-3.9515,-4.7251,-2.3336,-3.20891,-3.4506,-3.0383,7.727,1.227,6.59536,1.00445,1.35,0.71525,4.55,8.96,-0.03119,1.9,10.0
SBNC-3-Fe,-0.37796,-4.2604,-4.3671,-1.1981,-3.20891,-3.4506,-4.8008,7.903,0.163,6.59536,1.00445,1.4,0.71525,4.93,7.874,-0.03119,1.83,6.0
SBNC-3-Hf,-2.08304,-2.9349,-4.3792,2.1396,-3.20891,-3.4506,-6.4029,6.825,0.0,6.59536,1.00445,1.55,0.71525,3.55,13.31,-0.03119,1.3,2.0
SBNC-3-Hg,-1.07362,-0.7065,-6.681,-6.1561,-3.20891,-3.4506,0.3374,10.438,0.0,6.59536,1.00445,1.5,0.71525,4.2,13.534,-0.03119,2.0,10.0
SBNC-3-Ir,-0.20355,-4.9944,-5.0181,-2.4149,-3.20891,-3.4506,-7.0859,9.12,1.57,6.59536,1.00445,1.35,0.71525,5.55,22.56,-0.03119,2.2,7.0
SBNC-3-Mn,-0.57711,-3.4853,-4.3042,-0.5789,-3.20891,-3.4506,-3.1315,7.434,0.0,6.59536,1.00445,1.4,0.71525,4.45,7.47,-0.03119,1.55,5.0
SBNC-3-Nb,-1.8875,-1.9019,-3.643,1.3534,-3.20891,-3.4506,-6.5678,6.759,0.892,6.59536,1.00445,1.45,0.71525,4.0,8.57,-0.03119,1.6,4.0
SBNC-3-Ni,0.9368,-3.7066,-3.88,-1.5395,-3.20891,-3.4506,-4.4744,7.64,1.16,6.59536,1.00445,1.35,0.71525,5.2,8.908,-0.03119,1.91,8.0
SBNC-3-Pd,0.70665,-3.2381,-3.9768,-1.4843,-3.20891,-3.4506,-3.0964,8.337,0.557,6.59536,1.00445,1.4,0.71525,5.45,12.023,-0.03119,2.2,10.0
SBNC-3-Pt,0.68222,-4.9378,-5.5279,-2.3468,-3.20891,-3.4506,-4.9436,9.02,2.128,6.59536,1.00445,1.35,0.71525,5.65,21.45,-0.03119,2.28,9.0
SBNC-3-Rh,0.05925,-3.2357,-3.9932,-1.7582,-3.20891,-3.4506,-5.4804,7.459,1.137,6.59536,1.00445,1.35,0.71525,5.4,12.45,-0.03119,2.28,8.0
SBNC-3-Ru,-0.29437,-3.7016,-4.6195,-1.515,-3.20891,-3.4506,-6.5823,7.361,1.05,6.59536,1.00445,1.3,0.71525,5.4,12.37,-0.03119,2.2,7.0
SBNC-3-Ta,-2.3039,-2.3395,-4.1118,1.7577,-3.20891,-3.4506,-7.9459,7.89,0.32,6.59536,1.00445,1.45,0.71525,4.05,16.65,-0.03119,1.5,3.0
SBNC-3-Ti,-1.35921,-2.8395,-2.8715,1.57,-3.20891,-3.4506,-5.4049,6.828,0.079,6.59536,1.00445,1.4,0.71525,3.65,4.507,-0.03119,1.54,2.0
SBNC-3-V,-1.52391,-1.7318,-2.8683,1.1689,-3.20891,-3.4506,-5.0589,6.746,0.524,6.59536,1.00445,1.35,0.71525,4.25,6.11,-0.03119,1.63,3.0
SBNC-3-Zn,-0.12807,-0.6498,-5.8522,-6.6672,-3.20891,-3.4506,-0.717,9.394,0.0,6.59536,1.00445,1.35,0.71525,4.1,7.14,-0.03119,1.65,10.0
SBNO-3-Co,0.47519,-3.9152,-3.9463,-1.6744,-4.38356,-3.3015,-5.1966,7.881,0.66,2.57346,0.97093,1.35,0.6645,5.1,8.9,0.39492,1.88,7.0
SBNO-3-Cu,-0.00214,-3.9515,-4.7251,-2.3336,-4.38356,-3.3015,-3.0383,7.727,1.227,2.57346,0.97093,1.35,0.6645,4.55,8.96,0.39492,1.9,10.0
SBNO-3-Fe,-0.44099,-4.2604,-4.3671,-1.1981,-4.38356,-3.3015,-4.8008,7.903,0.163,2.57346,0.97093,1.4,0.6645,4.93,7.874,0.39492,1.83,6.0
SBNO-3-Hf,-2.25305,-2.9349,-4.3792,2.1396,-4.38356,-3.3015,-6.4029,6.825,0.0,2.57346,0.97093,1.55,0.6645,3.55,13.31,0.39492,1.3,2.0
SBNO-3-Ir,-0.43456,-4.9944,-5.0181,-2.4149,-4.38356,-3.3015,-7.0859,9.12,1.57,2.57346,0.97093,1.35,0.6645,5.55,22.56,0.39492,2.2,7.0
SBNO-3-Mn,-0.79573,-3.4853,-4.3042,-0.5789,-4.38356,-3.3015,-3.1315,7.434,0.0,2.57346,0.97093,1.4,0.6645,4.45,7.47,0.39492,1.55,5.0
SBNO-3-Ni,0.38964,-3.7066,-3.88,-1.5395,-4.38356,-3.3015,-4.4744,7.64,1.16,2.57346,0.97093,1.35,0.6645,5.2,8.908,0.39492,1.91,8.0
SBNO-3-Os,-0.29941,-4.6506,-5.2144,-1.7538,-4.38356,-3.3015,-7.8962,8.71,1.1,2.57346,0.97093,1.3,0.6645,5.4,22.59,0.39492,2.2,6.0
SBNO-3-Pd,0.75042,-3.2381,-3.9768,-1.4843,-4.38356,-3.3015,-3.0964,8.337,0.557,2.57346,0.97093,1.4,0.6645,5.45,12.023,0.39492,2.2,10.0
SBNO-3-Pt,0.17614,-4.9378,-5.5279,-2.3468,-4.38356,-3.3015,-4.9436,9.02,2.128,2.57346,0.97093,1.35,0.6645,5.65,21.45,0.39492,2.28,9.0
SBNO-3-Rh,0.01042,-3.2357,-3.9932,-1.7582,-4.38356,-3.3015,-5.4804,7.459,1.137,2.57346,0.97093,1.35,0.6645,5.4,12.45,0.39492,2.28,8.0
SBNO-3-Ru,0.09399,-3.7016,-4.6195,-1.515,-4.38356,-3.3015,-6.5823,7.361,1.05,2.57346,0.97093,1.3,0.6645,5.4,12.37,0.39492,2.2,7.0
SBNO-3-Ti,-1.87274,-2.8395,-2.8715,1.57,-4.38356,-3.3015,-5.4049,6.828,0.079,2.57346,0.97093,1.4,0.6645,3.65,4.507,0.39492,1.54,2.0
SBNO-3-Zr,-2.01824,-2.7471,-2.8313,1.7376,-4.38356,-3.3015,-6.2538,6.634,0.426,2.57346,0.97093,1.55,0.6645,3.4,6.511,0.39492,1.33,2.0
SBNP-3-Co,0.71833,-3.9152,-3.9463,-1.6744,-2.7953,-3.496,-5.1966,7.881,0.66,6.28775,0.79218,1.35,0.79875,5.1,8.9,-0.8241,1.88,7.0
SBNP-3-Cu,0.40102,-3.9515,-4.7251,-2.3336,-2.7953,-3.496,-3.0383,7.727,1.227,6.28775,0.79218,1.35,0.79875,4.55,8.96,-0.8241,1.9,10.0
SBNP-3-Fe,0.07122,-4.2604,-4.3671,-1.1981,-2.7953,-3.496,-4.8008,7.903,0.163,6.28775,0.79218,1.4,0.79875,4.93,7.874,-0.8241,1.83,6.0
SBNP-3-Hf,-1.77953,-2.9349,-4.3792,2.1396,-2.7953,-3.496,-6.4029,6.825,0.0,6.28775,0.79218,1.55,0.79875,3.55,13.31,-0.8241,1.3,2.0
SBNP-3-Mo,-0.82424,-1.7437,-4.5378,-0.1961,-2.7953,-3.496,-5.705,7.092,0.745,6.28775,0.79218,1.45,0.79875,4.65,10.28,-0.8241,2.16,5.0
SBNP-3-Ni,0.72626,-3.7066,-3.88,-1.5395,-2.7953,-3.496,-4.4744,7.64,1.16,6.28775,0.79218,1.35,0.79875,5.2,8.908,-0.8241,1.91,8.0
SBNP-3-Pd,0.5241,-3.2381,-3.9768,-1.4843,-2.7953,-3.496,-3.0964,8.337,0.557,6.28775,0.79218,1.4,0.79875,5.45,12.023,-0.8241,2.2,10.0
SBNP-3-Rh,0.92691,-3.2357,-3.9932,-1.7582,-2.7953,-3.496,-5.4804,7.459,1.137,6.28775,0.79218,1.35,0.79875,5.4,12.45,-0.8241,2.28,8.0
SBNP-3-Sc,-1.31287,-3.2576,-3.8073,2.2982,-2.7953,-3.496,-4.1601,6.562,0.188,6.28775,0.79218,1.6,0.79875,3.25,2.985,-0.8241,1.36,1.0
SBNP-3-Ti,-1.30791,-2.8395,-2.8715,1.57,-2.7953,-3.496,-5.4049,6.828,0.079,6.28775,0.79218,1.4,0.79875,3.65,4.507,-0.8241,1.54,2.0
SBNP-3-Y,-1.45433,-2.4603,-3.602,2.5942,-2.7953,-3.496,-4.2729,6.22,0.307,6.28775,0.79218,1.8,0.79875,3.2,4.472,-0.8241,1.22,1.0
SBNP-3-Zn,-0.1315,-0.6498,-5.8522,-6.6672,-2.7953,-3.496,-0.717,9.394,0.0,6.28775,0.79218,1.35,0.79875,4.1,7.14,-0.8241,1.65,10.0
BBNN-1-Ag,0.11505,-3.8403,-4.5659,-3.7706,-2.07329,-4.0767,-2.0183,7.576,1.302,5.918,0.17487,1.6,0.681,4.45,10.49,-0.1389,1.93,10.0
BBNN-1-Au,-0.2355,-5.2426,-5.9456,-3.2861,-2.07329,-4.0767,-2.4188,9.225,2.309,5.918,0.17487,1.35,0.681,5.15,19.3,-0.1389,2.54,10.0
BBNN-1-Cd,0.4066,-0.7368,-5.4994,-7.6339,-2.07329,-4.0767,-0.3509,8.994,0.0,5.918,0.17487,1.55,0.681,4.05,8.65,-0.1389,1.69,10.0
BBNN-1-Co,0.39803,-3.9152,-3.9463,-1.6744,-2.07329,-4.0767,-5.1966,7.881,0.66,5.918,0.17487,1.35,0.681,5.1,8.9,-0.1389,1.88,7.0
BBNN-1-Cu,0.0247,-3.9515,-4.7251,-2.3336,-2.07329,-4.0767,-3.0383,7.727,1.227,5.918,0.17487,1.35,0.681,4.55,8.96,-0.1389,1.9,10.0
BBNN-1-Fe,-0.05371,-4.2604,-4.3671,-1.1981,-2.07329,-4.0767,-4.8008,7.903,0.163,5.918,0.17487,1.4,0.681,4.93,7.874,-0.1389,1.83,6.0
BBNN-1-Hf,-2.50408,-2.9349,-4.3792,2.1396,-2.07329,-4.0767,-6.4029,6.825,0.0,5.918,0.17487,1.55,0.681,3.55,13.31,-0.1389,1.3,2.0
BBNN-1-Ir,-0.75594,-4.9944,-5.0181,-2.4149,-2.07329,-4.0767,-7.0859,9.12,1.57,5.918,0.17487,1.35,0.681,5.55,22.56,-0.1389,2.2,7.0
BBNN-1-Mn,-0.22991,-3.4853,-4.3042,-0.5789,-2.07329,-4.0767,-3.1315,7.434,0.0,5.918,0.17487,1.4,0.681,4.45,7.47,-0.1389,1.55,5.0
BBNN-1-Ni,0.72943,-3.7066,-3.88,-1.5395,-2.07329,-4.0767,-4.4744,7.64,1.16,5.918,0.17487,1.35,0.681,5.2,8.908,-0.1389,1.91,8.0
BBNN-1-Pd,0.5893,-3.2381,-3.9768,-1.4843,-2.07329,-4.0767,-3.0964,8.337,0.557,5.918,0.17487,1.4,0.681,5.45,12.023,-0.1389,2.2,10.0
BBNN-1-Pt,0.47379,-4.9378,-5.5279,-2.3468,-2.07329,-4.0767,-4.9436,9.02,2.128,5.918,0.17487,1.35,0.681,5.65,21.45,-0.1389,2.28,9.0
BBNN-1-Rh,-0.21672,-3.2357,-3.9932,-1.7582,-2.07329,-4.0767,-5.4804,7.459,1.137,5.918,0.17487,1.35,0.681,5.4,12.45,-0.1389,2.28,8.0
BBNN-1-Ru,-0.492,-3.7016,-4.6195,-1.515,-2.07329,-4.0767,-6.5823,7.361,1.05,5.918,0.17487,1.3,0.681,5.4,12.37,-0.1389,2.2,7.0
BBNN-1-Sc,-1.79166,-3.2576,-3.8073,2.2982,-2.07329,-4.0767,-4.1601,6.562,0.188,5.918,0.17487,1.6,0.681,3.25,2.985,-0.1389,1.36,1.0
BBNN-1-Ti,-1.87962,-2.8395,-2.8715,1.57,-2.07329,-4.0767,-5.4049,6.828,0.079,5.918,0.17487,1.4,0.681,3.65,4.507,-0.1389,1.54,2.0
BBNN-1-Zn,0.65379,-0.6498,-5.8522,-6.6672,-2.07329,-4.0767,-0.717,9.394,0.0,5.918,0.17487,1.35,0.681,4.1,7.14,-0.1389,1.65,10.0
BBNN-1-Zr,-2.00726,-2.7471,-2.8313,1.7376,-2.07329,-4.0767,-6.2538,6.634,0.426,5.918,0.17487,1.55,0.681,3.4,6.511,-0.1389,1.33,2.0
BBCC-1-Ag,0.76336,-3.8403,-4.5659,-3.7706,-1.33806,-4.0424,-2.0183,7.576,1.302,8.30477,0.9359,1.6,0.7415,4.45,10.49,-0.90259,1.93,10.0
BBCC-1-Cd,0.37126,-0.7368,-5.4994,-7.6339,-1.33806,-4.0424,-0.3509,8.994,0.0,8.30477,0.9359,1.55,0.7415,4.05,8.65,-0.90259,1.69,10.0
BBCC-1-Co,0.134,-3.9152,-3.9463,-1.6744,-1.33806,-4.0424,-5.1966,7.881,0.66,8.30477,0.9359,1.35,0.7415,5.1,8.9,-0.90259,1.88,7.0
BBCC-1-Cr,-0.82627,-1.6383,-3.5634,-0.0056,-1.33806,-4.0424,-3.5882,6.767,0.666,8.30477,0.9359,1.4,0.7415,4.65,7.19,-0.90259,1.66,5.0
BBCC-1-Cu,0.62179,-3.9515,-4.7251,-2.3336,-1.33806,-4.0424,-3.0383,7.727,1.227,8.30477,0.9359,1.35,0.7415,4.55,8.96,-0.90259,1.9,10.0
BBCC-1-Fe,-0.17981,-4.2604,-4.3671,-1.1981,-1.33806,-4.0424,-4.8008,7.903,0.163,8.30477,0.9359,1.4,0.7415,4.93,7.874,-0.90259,1.83,6.0
BBCC-1-Hf,-1.84562,-2.9349,-4.3792,2.1396,-1.33806,-4.0424,-6.4029,6.825,0.0,8.30477,0.9359,1.55,0.7415,3.55,13.31,-0.90259,1.3,2.0
BBCC-1-Hg,0.19519,-0.7065,-6.681,-6.1561,-1.33806,-4.0424,0.3374,10.438,0.0,8.30477,0.9359,1.5,0.7415,4.2,13.534,-0.90259,2.0,10.0
BBCC-1-Ir,-0.20138,-4.9944,-5.0181,-2.4149,-1.33806,-4.0424,-7.0859,9.12,1.57,8.30477,0.9359,1.35,0.7415,5.55,22.56,-0.90259,2.2,7.0
BBCC-1-Mn,-0.44026,-3.4853,-4.3042,-0.5789,-1.33806,-4.0424,-3.1315,7.434,0.0,8.30477,0.9359,1.4,0.7415,4.45,7.47,-0.90259,1.55,5.0
BBCC-1-Mo,-0.97287,-1.7437,-4.5378,-0.1961,-1.33806,-4.0424,-5.705,7.092,0.745,8.30477,0.9359,1.45,0.7415,4.65,10.28,-0.90259,2.16,5.0
BBCC-1-Nb,-1.33819,-1.9019,-3.643,1.3534,-1.33806,-4.0424,-6.5678,6.759,0.892,8.30477,0.9359,1.45,0.7415,4.0,8.57,-0.90259,1.6,4.0
BBCC-1-Os,-0.75675,-4.6506,-5.2144,-1.7538,-1.33806,-4.0424,-7.8962,8.71,1.1,8.30477,0.9359,1.3,0.7415,5.4,22.59,-0.90259,2.2,6.0
BBCC-1-Pd,0.67459,-3.2381,-3.9768,-1.4843,-1.33806,-4.0424,-3.0964,8.337,0.557,8.30477,0.9359,1.4,0.7415,5.45,12.023,-0.90259,2.2,10.0
BBCC-1-Pt,0.3094,-4.9378,-5.5279,-2.3468,-1.33806,-4.0424,-4.9436,9.02,2.128,8.30477,0.9359,1.35,0.7415,5.65,21.45,-0.90259,2.28,9.0
BBCC-1-Rh,0.136,-3.2357,-3.9932,-1.7582,-1.33806,-4.0424,-5.4804,7.459,1.137,8.30477,0.9359,1.35,0.7415,5.4,12.45,-0.90259,2.28,8.0
BBCC-1-Ru,-0.22796,-3.7016,-4.6195,-1.515,-1.33806,-4.0424,-6.5823,7.361,1.05,8.30477,0.9359,1.3,0.7415,5.4,12.37,-0.90259,2.2,7.0
BBCC-1-Ta,-1.89976,-2.3395,-4.1118,1.7577,-1.33806,-4.0424,-7.9459,7.89,0.32,8.30477,0.9359,1.45,0.7415,4.05,16.65,-0.90259,1.5,3.0
BBCC-1-Tc,-0.59808,-3.0741,-4.8318,-0.4865,-1.33806,-4.0424,-6.4378,7.28,0.55,8.30477,0.9359,1.35,0.7415,5.3,11.5,-0.90259,1.9,5.0
BBCC-1-V,-1.10723,-1.7318,-2.8683,1.1689,-1.33806,-4.0424,-5.0589,6.746,0.524,8.30477,0.9359,1.35,0.7415,4.25,6.11,-0.90259,1.63,3.0
BBCC-1-Y,-0.79669,-2.4603,-3.602,2.5942,-1.33806,-4.0424,-4.2729,6.22,0.307,8.30477,0.9359,1.8,0.7415,3.2,4.472,-0.90259,1.22,1.0
BBCC-1-Zn,0.53596,-0.6498,-5.8522,-6.6672,-1.33806,-4.0424,-0.717,9.394,0.0,8.30477,0.9359,1.35,0.7415,4.1,7.14,-0.90259,1.65,10.0
BBCC-1-Zr,-1.46421,-2.7471,-2.8313,1.7376,-1.33806,-4.0424,-6.2538,6.634,0.426,8.30477,0.9359,1.55,0.7415,3.4,6.511,-0.90259,1.33,2.0
BBOO-1-Ag,0.38467,-3.8403,-4.5659,-3.7706,-3.99376,-3.8224,-2.0183,7.576,1.302,1.02342,0.86887,1.6,0.64,4.45,10.49,-0.19445,1.93,10.0
BBOO-1-Au,-0.14795,-5.2426,-5.9456,-3.2861,-3.99376,-3.8224,-2.4188,9.225,2.309,1.02342,0.86887,1.35,0.64,5.15,19.3,-0.19445,2.54,10.0
BBOO-1-Cd,0.69999,-0.7368,-5.4994,-7.6339,-3.99376,-3.8224,-0.3509,8.994,0.0,1.02342,0.86887,1.55,0.64,4.05,8.65,-0.19445,1.69,10.0
BBOO-1-Co,-0.57186,-3.9152,-3.9463,-1.6744,-3.99376,-3.8224,-5.1966,7.881,0.66,1.02342,0.86887,1.35,0.64,5.1,8.9,-0.19445,1.88,7.0
BBOO-1-Cu,-0.4831,-3.9515,-4.7251,-2.3336,-3.99376,-3.8224,-3.0383,7.727,1.227,1.02342,0.86887,1.35,0.64,4.55,8.96,-0.19445,1.9,10.0
BBOO-1-Fe,-0.88745,-4.2604,-4.3671,-1.1981,-3.99376,-3.8224,-4.8008,7.903,0.163,1.02342,0.86887,1.4,0.64,4.93,7.874,-0.19445,1.83,6.0
BBOO-1-Hg,0.05788,-0.7065,-6.681,-6.1561,-3.99376,-3.8224,0.3374,10.438,0.0,1.02342,0.86887,1.5,0.64,4.2,13.534,-0.19445,2.0,10.0
BBOO-1-Ir,-0.40377,-4.9944,-5.0181,-2.4149,-3.99376,-3.8224,-7.0859,9.12,1.57,1.02342,0.86887,1.35,0.64,5.55,22.56,-0.19445,2.2,7.0
BBOO-1-Mn,-0.62168,-3.4853,-4.3042,-0.5789,-3.99376,-3.8224,-3.1315,7.434,0.0,1.02342,0.86887,1.4,0.64,4.45,7.47,-0.19445,1.55,5.0
BBOO-1-Ni,0.19171,-3.7066,-3.88,-1.5395,-3.99376,-3.8224,-4.4744,7.64,1.16,1.02342,0.86887,1.35,0.64,5.2,8.908,-0.19445,1.91,8.0
BBOO-1-Pd,0.68415,-3.2381,-3.9768,-1.4843,-3.99376,-3.8224,-3.0964,8.337,0.557,1.02342,0.86887,1.4,0.64,5.45,12.023,-0.19445,2.2,10.0
BBOO-1-Pt,0.77536,-4.9378,-5.5279,-2.3468,-3.99376,-3.8224,-4.9436,9.02,2.128,1.02342,0.86887,1.35,0.64,5.65,21.45,-0.19445,2.28,9.0
BBOO-1-Rh,-0.2181,-3.2357,-3.9932,-1.7582,-3.99376,-3.8224,-5.4804,7.459,1.137,1.02342,0.86887,1.35,0.64,5.4,12.45,-0.19445,2.28,8.0
BBOO-1-Sc,-2.20257,-3.2576,-3.8073,2.2982,-3.99376,-3.8224,-4.1601,6.562,0.188,1.02342,0.86887,1.6,0.64,3.25,2.985,-0.19445,1.36,1.0
BBOO-1-Y,-2.21264,-2.4603,-3.602,2.5942,-3.99376,-3.8224,-4.2729,6.22,0.307,1.02342,0.86887,1.8,0.64,3.2,4.472,-0.19445,1.22,1.0
BBOO-1-Zn,-0.04121,-0.6498,-5.8522,-6.6672,-3.99376,-3.8224,-0.717,9.394,0.0,1.02342,0.86887,1.35,0.64,4.1,7.14,-0.19445,1.65,10.0
BBSS-1-Au,-0.19659,-5.2426,-5.9456,-3.2861,-2.67303,-3.4059,-2.4188,9.225,2.309,7.94236,1.17487,1.35,0.847,5.15,19.3,-2.67065,2.54,10.0
BBSS-1-Co,0.1222,-3.9152,-3.9463,-1.6744,-2.67303,-3.4059,-5.1966,7.881,0.66,7.94236,1.17487,1.35,0.847,5.1,8.9,-2.67065,1.88,7.0
BBSS-1-Cu,0.4655,-3.9515,-4.7251,-2.3336,-2.67303,-3.4059,-3.0383,7.727,1.227,7.94236,1.17487,1.35,0.847,4.55,8.96,-2.67065,1.9,10.0
BBSS-1-Fe,-0.28368,-4.2604,-4.3671,-1.1981,-2.67303,-3.4059,-4.8008,7.903,0.163,7.94236,1.17487,1.4,0.847,4.93,7.874,-2.67065,1.83,6.0
BBSS-1-Hg,0.22629,-0.7065,-6.681,-6.1561,-2.67303,-3.4059,0.3374,10.438,0.0,7.94236,1.17487,1.5,0.847,4.2,13.534,-2.67065,2.0,10.0
BBSS-1-Ir,-0.52828,-4.9944,-5.0181,-2.4149,-2.67303,-3.4059,-7.0859,9.12,1.57,7.94236,1.17487,1.35,0.847,5.55,22.56,-2.67065,2.2,7.0
BBSS-1-Ni,0.93854,-3.7066,-3.88,-1.5395,-2.67303,-3.4059,-4.4744,7.64,1.16,7.94236,1.17487,1.35,0.847,5.2,8.908,-2.67065,1.91,8.0
BBSS-1-Pd,0.82412,-3.2381,-3.9768,-1.4843,-2.67303,-3.4059,-3.0964,8.337,0.557,7.94236,1.17487,1.4,0.847,5.45,12.023,-2.67065,2.2,10.0
BBSS-1-Rh,-0.22189,-3.2357,-3.9932,-1.7582,-2.67303,-3.4059,-5.4804,7.459,1.137,7.94236,1.17487,1.35,0.847,5.4,12.45,-2.67065,2.28,8.0
BBSS-1-Ru,-0.18791,-3.7016,-4.6195,-1.515,-2.67303,-3.4059,-6.5823,7.361,1.05,7.94236,1.17487,1.3,0.847,5.4,12.37,-2.67065,2.2,7.0
BBSS-1-Sc,-1.25221,-3.2576,-3.8073,2.2982,-2.67303,-3.4059,-4.1601,6.562,0.188,7.94236,1.17487,1.6,0.847,3.25,2.985,-2.67065,1.36,1.0
BBSS-1-Zn,-0.00861,-0.6498,-5.8522,-6.6672,-2.67303,-3.4059,-0.717,9.394,0.0,7.94236,1.17487,1.35,0.847,4.1,7.14,-2.67065,1.65,10.0
PPBB-1-Ag,0.43105,-3.8403,-4.5659,-3.7706,-2.38321,-3.3258,-2.0183,7.576,1.302,8.56783,0.51137,1.6,0.9085,4.45,10.49,-2.82001,1.93,10.0
PPBB-1-Au,-0.02095,-5.2426,-5.9456,-3.2861,-2.38321,-3.3258,-2.4188,9.225,2.309,8.56783,0.51137,1.35,0.9085,5.15,19.3,-2.82001,2.54,10.0
PPBB-1-Cd,0.63364,-0.7368,-5.4994,-7.6339,-2.38321,-3.3258,-0.3509,8.994,0.0,8.56783,0.51137,1.55,0.9085,4.05,8.65,-2.82001,1.69,10.0
PPBB-1-Co,-0.01488,-3.9152,-3.9463,-1.6744,-2.38321,-3.3258,-5.1966,7.881,0.66,8.56783,0.51137,1.35,0.9085,5.1,8.9,-2.82001,1.88,7.0
PPBB-1-Cr,-0.87078,-1.6383,-3.5634,-0.0056,-2.38321,-3.3258,-3.5882,6.767,0.666,8.56783,0.51137,1.4,0.9085,4.65,7.19,-2.82001,1.66,5.0
PPBB-1-Cu,0.03194,-3.9515,-4.7251,-2.3336,-2.38321,-3.3258,-3.0383,7.727,1.227,8.56783,0.51137,1.35,0.9085,4.55,8.96,-2.82001,1.9,10.0
PPBB-1-Fe,-0.0207,-4.2604,-4.3671,-1.1981,-2.38321,-3.3258,-4.8008,7.903,0.163,8.56783,0.51137,1.4,0.9085,4.93,7.874,-2.82001,1.83,6.0
PPBB-1-Ir,-0.24727,-4.9944,-5.0181,-2.4149,-2.38321,-3.3258,-7.0859,9.12,1.57,8.56783,0.51137,1.35,0.9085,5.55,22.56,-2.82001,2.2,7.0
PPBB-1-Mo,-0.98933,-1.7437,-4.5378,-0.1961,-2.38321,-3.3258,-5.705,7.092,0.745,8.56783,0.51137,1.45,0.9085,4.65,10.28,-2.82001,2.16,5.0
PPBB-1-Ni,0.67589,-3.7066,-3.88,-1.5395,-2.38321,-3.3258,-4.4744,7.64,1.16,8.56783,0.51137,1.35,0.9085,5.2,8.908,-2.82001,1.91,8.0
PPBB-1-Pd,0.72356,-3.2381,-3.9768,-1.4843,-2.38321,-3.3258,-3.0964,8.337,0.557,8.56783,0.51137,1.4,0.9085,5.45,12.023,-2.82001,2.2,10.0
PPBB-1-Pt,0.28973,-4.9378,-5.5279,-2.3468,-2.38321,-3.3258,-4.9436,9.02,2.128,8.56783,0.51137,1.35,0.9085,5.65,21.45,-2.82001,2.28,9.0
PPBB-1-Ru,-0.04386,-3.7016,-4.6195,-1.515,-2.38321,-3.3258,-6.5823,7.361,1.05,8.56783,0.51137,1.3,0.9085,5.4,12.37,-2.82001,2.2,7.0
PPBB-1-Tc,-0.42944,-3.0741,-4.8318,-0.4865,-2.38321,-3.3258,-6.4378,7.28,0.55,8.56783,0.51137,1.35,0.9085,5.3,11.5,-2.82001,1.9,5.0
PPBB-1-Ti,-1.2071,-2.8395,-2.8715,1.57,-2.38321,-3.3258,-5.4049,6.828,0.079,8.56783,0.51137,1.4,0.9085,3.65,4.507,-2.82001,1.54,2.0
PPBB-1-V,-1.30393,-1.7318,-2.8683,1.1689,-2.38321,-3.3258,-5.0589,6.746,0.524,8.56783,0.51137,1.35,0.9085,4.25,6.11,-2.82001,1.63,3.0
PPBB-1-W,-1.5419,-2.6786,-4.0064,0.0262,-2.38321,-3.3258,-7.7397,7.98,0.815,8.56783,0.51137,1.35,0.9085,4.8,19.25,-2.82001,2.36,4.0
PPBB-1-Y,-1.31911,-2.4603,-3.602,2.5942,-2.38321,-3.3258,-4.2729,6.22,0.307,8.56783,0.51137,1.8,0.9085,3.2,4.472,-2.82001,1.22,1.0
PPBB-1-Zn,-0.04803,-0.6498,-5.8522,-6.6672,-2.38321,-3.3258,-0.717,9.394,0.0,8.56783,0.51137,1.35,0.9085,4.1,7.14,-2.82001,1.65,10.0
PPCC-1-Au,0.29536,-5.2426,-5.9456,-3.2861,-2.61466,-3.3424,-2.4188,9.225,2.309,9.50169,1.17053,1.35,0.811,5.15,19.3,-1.51934,2.54,10.0
PPCC-1-Cd,-0.0382,-0.7368,-5.4994,-7.6339,-2.61466,-3.3424,-0.3509,8.994,0.0,9.50169,1.17053,1.55,0.811,4.05,8.65,-1.51934,1.69,10.0
PPCC-1-Co,0.69406,-3.9152,-3.9463,-1.6744,-2.61466,-3.3424,-5.1966,7.881,0.66,9.50169,1.17053,1.35,0.811,5.1,8.9,-1.51934,1.88,7.0
PPCC-1-Cr,-0.88839,-1.6383,-3.5634,-0.0056,-2.61466,-3.3424,-3.5882,6.767,0.666,9.50169,1.17053,1.4,0.811,4.65,7.19,-1.51934,1.66,5.0
PPCC-1-Cu,0.04893,-3.9515,-4.7251,-2.3336,-2.61466,-3.3424,-3.0383,7.727,1.227,9.50169,1.17053,1.35,0.811,4.55,8.96,-1.51934,1.9,10.0
PPCC-1-Fe,0.0232,-4.2604,-4.3671,-1.1981,-2.61466,-3.3424,-4.8008,7.903,0.163,9.50169,1.17053,1.4,0.811,4.93,7.874,-1.51934,1.83,6.0
PPCC-1-Hf,-1.36098,-2.9349,-4.3792,2.1396,-2.61466,-3.3424,-6.4029,6.825,0.0,9.50169,1.17053,1.55,0.811,3.55,13.31,-1.51934,1.3,2.0
PPCC-1-Hg,0.16505,-0.7065,-6.681,-6.1561,-2.61466,-3.3424,0.3374,10.438,0.0,9.50169,1.17053,1.5,0.811,4.2,13.534,-1.51934,2.0,10.0
PPCC-1-Mn,-0.22487,-3.4853,-4.3042,-0.5789,-2.61466,-3.3424,-3.1315,7.434,0.0,9.50169,1.17053,1.4,0.811,4.45,7.47,-1.51934,1.55,5.0
PPCC-1-Mo,-1.19469,-1.7437,-4.5378,-0.1961,-2.61466,-3.3424,-5.705,7.092,0.745,9.50169,1.17053,1.45,0.811,4.65,10.28,-1.51934,2.16,5.0
PPCC-1-Nb,-1.52814,-1.9019,-3.643,1.3534,-2.61466,-3.3424,-6.5678,6.759,0.892,9.50169,1.17053,1.45,0.811,4.0,8.57,-1.51934,1.6,4.0
PPCC-1-Ni,0.18628,-3.7066,-3.88,-1.5395,-2.61466,-3.3424,-4.4744,7.64,1.16,9.50169,1.17053,1.35,0.811,5.2,8.908,-1.51934,1.91,8.0
PPCC-1-Pd,0.25186,-3.2381,-3.9768,-1.4843,-2.61466,-3.3424,-3.0964,8.337,0.557,9.50169,1.17053,1.4,0.811,5.45,12.023,-1.51934,2.2,10.0
PPCC-1-Pt,0.15166,-4.9378,-5.5279,-2.3468,-2.61466,-3.3424,-4.9436,9.02,2.128,9.50169,1.17053,1.35,0.811,5.65,21.45,-1.51934,2.28,9.0
PPCC-1-Rh,-0.1043,-3.2357,-3.9932,-1.7582,-2.61466,-3.3424,-5.4804,7.459,1.137,9.50169,1.17053,1.35,0.811,5.4,12.45,-1.51934,2.28,8.0
PPCC-1-Ta,-1.95691,-2.3395,-4.1118,1.7577,-2.61466,-3.3424,-7.9459,7.89,0.32,9.50169,1.17053,1.45,0.811,4.05,16.65,-1.51934,1.5,3.0
PPCC-1-Tc,-1.04548,-3.0741,-4.8318,-0.4865,-2.61466,-3.3424,-6.4378,7.28,0.55,9.50169,1.17053,1.35,0.811,5.3,11.5,-1.51934,1.9,5.0
PPCC-1-Ti,-1.56005,-2.8395,-2.8715,1.57,-2.61466,-3.3424,-5.4049,6.828,0.079,9.50169,1.17053,1.4,0.811,3.65,4.507,-1.51934,1.54,2.0
PPCC-1-V,-1.46779,-1.7318,-2.8683,1.1689,-2.61466,-3.3424,-5.0589,6.746,0.524,9.50169,1.17053,1.35,0.811,4.25,6.11,-1.51934,1.63,3.0
PPCC-1-Zr,-0.98022,-2.7471,-2.8313,1.7376,-2.61466,-3.3424,-6.2538,6.634,0.426,9.50169,1.17053,1.55,0.811,3.4,6.511,-1.51934,1.33,2.0
PPNN-1-Ag,0.6905,-3.8403,-4.5659,-3.7706,-4.08175,-3.081,-2.0183,7.576,1.302,5.46844,0.4095,1.6,0.7505,4.45,10.49,-0.25376,1.93,10.0
PPNN-1-Cd,0.61026,-0.7368,-5.4994,-7.6339,-4.08175,-3.081,-0.3509,8.994,0.0,5.46844,0.4095,1.55,0.7505,4.05,8.65,-0.25376,1.69,10.0
PPNN-1-Fe,0.06123,-4.2604,-4.3671,-1.1981,-4.08175,-3.081,-4.8008,7.903,0.163,5.46844,0.4095,1.4,0.7505,4.93,7.874,-0.25376,1.83,6.0
PPNN-1-Hf,-2.03896,-2.9349,-4.3792,2.1396,-4.08175,-3.081,-6.4029,6.825,0.0,5.46844,0.4095,1.55,0.7505,3.55,13.31,-0.25376,1.3,2.0
PPNN-1-Hg,-0.08111,-0.7065,-6.681,-6.1561,-4.08175,-3.081,0.3374,10.438,0.0,5.46844,0.4095,1.5,0.7505,4.2,13.534,-0.25376,2.0,10.0
PPNN-1-Ir,0.44948,-4.9944,-5.0181,-2.4149,-4.08175,-3.081,-7.0859,9.12,1.57,5.46844,0.4095,1.35,0.7505,5.55,22.56,-0.25376,2.2,7.0
PPNN-1-Mn,-0.17184,-3.4853,-4.3042,-0.5789,-4.08175,-3.081,-3.1315,7.434,0.0,5.46844,0.4095,1.4,0.7505,4.45,7.47,-0.25376,1.55,5.0
PPNN-1-Pd,0.41032,-3.2381,-3.9768,-1.4843,-4.08175,-3.081,-3.0964,8.337,0.557,5.46844,0.4095,1.4,0.7505,5.45,12.023,-0.25376,2.2,10.0
PPNN-1-Pt,-0.46578,-4.9378,-5.5279,-2.3468,-4.08175,-3.081,-4.9436,9.02,2.128,5.46844,0.4095,1.35,0.7505,5.65,21.45,-0.25376,2.28,9.0
PPNN-1-Rh,0.70489,-3.2357,-3.9932,-1.7582,-4.08175,-3.081,-5.4804,7.459,1.137,5.46844,0.4095,1.35,0.7505,5.4,12.45,-0.25376,2.28,8.0
PPNN-1-Sc,-1.48154,-3.2576,-3.8073,2.2982,-4.08175,-3.081,-4.1601,6.562,0.188,5.46844,0.4095,1.6,0.7505,3.25,2.985,-0.25376,1.36,1.0
PPNN-1-Y,-1.56848,-2.4603,-3.602,2.5942,-4.08175,-3.081,-4.2729,6.22,0.307,5.46844,0.4095,1.8,0.7505,3.2,4.472,-0.25376,1.22,1.0
PPNN-1-Zn,-0.33292,-0.6498,-5.8522,-6.6672,-4.08175,-3.081,-0.717,9.394,0.0,5.46844,0.4095,1.35,0.7505,4.1,7.14,-0.25376,1.65,10.0
PPNN-1-Zr,-1.5871,-2.7471,-2.8313,1.7376,-4.08175,-3.081,-6.2538,6.634,0.426,5.46844,0.4095,1.55,0.7505,3.4,6.511,-0.25376,1.33,2.0
PPOO-1-Ag,-0.37791,-3.8403,-4.5659,-3.7706,-6.16306,-2.4907,-2.0183,7.576,1.302,3.85162,1.1035,1.6,0.7095,4.45,10.49,-0.85459,1.93,10.0
PPOO-1-Au,-0.08769,-5.2426,-5.9456,-3.2861,-6.16306,-2.4907,-2.4188,9.225,2.309,3.85162,1.1035,1.35,0.7095,5.15,19.3,-0.85459,2.54,10.0
PPOO-1-Cd,0.21552,-0.7368,-5.4994,-7.6339,-6.16306,-2.4907,-0.3509,8.994,0.0,3.85162,1.1035,1.55,0.7095,4.05,8.65,-0.85459,1.69,10.0
PPOO-1-Co,-0.18249,-3.9152,-3.9463,-1.6744,-6.16306,-2.4907,-5.1966,7.881,0.66,3.85162,1.1035,1.35,0.7095,5.1,8.9,-0.85459,1.88,7.0
PPOO-1-Fe,-0.53093,-4.2604,-4.3671,-1.1981,-6.16306,-2.4907,-4.8008,7.903,0.163,3.85162,1.1035,1.4,0.7095,4.93,7.874,-0.85459,1.83,6.0
PPOO-1-Hg,-1.49258,-0.7065,-6.681,-6.1561,-6.16306,-2.4907,0.3374,10.438,0.0,3.85162,1.1035,1.5,0.7095,4.2,13.534,-0.85459,2.0,10.0
PPOO-1-Ir,-0.02054,-4.9944,-5.0181,-2.4149,-6.16306,-2.4907,-7.0859,9.12,1.57,3.85162,1.1035,1.35,0.7095,5.55,22.56,-0.85459,2.2,7.0
PPOO-1-Rh,0.36632,-3.2357,-3.9932,-1.7582,-6.16306,-2.4907,-5.4804,7.459,1.137,3.85162,1.1035,1.35,0.7095,5.4,12.45,-0.85459,2.28,8.0
PPOO-1-Sc,-1.49755,-3.2576,-3.8073,2.2982,-6.16306,-2.4907,-4.1601,6.562,0.188,3.85162,1.1035,1.6,0.7095,3.25,2.985,-0.85459,1.36,1.0
PPOO-1-Y,-1.59005,-2.4603,-3.602,2.5942,-6.16306,-2.4907,-4.2729,6.22,0.307,3.85162,1.1035,1.8,0.7095,3.2,4.472,-0.85459,1.22,1.0
PPOO-1-Zn,0.17188,-0.6498,-5.8522,-6.6672,-6.16306,-2.4907,-0.717,9.394,0.0,3.85162,1.1035,1.35,0.7095,4.1,7.14,-0.85459,1.65,10.0
SSCC-1-Ag,-0.08604,-3.8403,-4.5659,-3.7706,-3.64203,-3.1765,-2.0183,7.576,1.302,9.66138,1.83403,1.6,0.7495,4.45,10.49,-0.77023,1.93,10.0
SSCC-1-Au,-0.52559,-5.2426,-5.9456,-3.2861,-3.64203,-3.1765,-2.4188,9.225,2.309,9.66138,1.83403,1.35,0.7495,5.15,19.3,-0.77023,2.54,10.0
SSCC-1-Cd,0.29302,-0.7368,-5.4994,-7.6339,-3.64203,-3.1765,-0.3509,8.994,0.0,9.66138,1.83403,1.55,0.7495,4.05,8.65,-0.77023,1.69,10.0
SSCC-1-Co,0.64698,-3.9152,-3.9463,-1.6744,-3.64203,-3.1765,-5.1966,7.881,0.66,9.66138,1.83403,1.35,0.7495,5.1,8.9,-0.77023,1.88,7.0
SSCC-1-Cr,-0.55143,-1.6383,-3.5634,-0.0056,-3.64203,-3.1765,-3.5882,6.767,0.666,9.66138,1.83403,1.4,0.7495,4.65,7.19,-0.77023,1.66,5.0
SSCC-1-Cu,0.85755,-3.9515,-4.7251,-2.3336,-3.64203,-3.1765,-3.0383,7.727,1.227,9.66138,1.83403,1.35,0.7495,4.55,8.96,-0.77023,1.9,10.0
SSCC-1-Fe,-0.60824,-4.2604,-4.3671,-1.1981,-3.64203,-3.1765,-4.8008,7.903,0.163,9.66138,1.83403,1.4,0.7495,4.93,7.874,-0.77023,1.83,6.0
SSCC-1-Hf,-1.65622,-2.9349,-4.3792,2.1396,-3.64203,-3.1765,-6.4029,6.825,0.0,9.66138,1.83403,1.55,0.7495,3.55,13.31,-0.77023,1.3,2.0
SSCC-1-Hg,0.55787,-0.7065,-6.681,-6.1561,-3.64203,-3.1765,0.3374,10.438,0.0,9.66138,1.83403,1.5,0.7495,4.2,13.534,-0.77023,2.0,10.0
SSCC-1-Ir,-0.42377,-4.9944,-5.0181,-2.4149,-3.64203,-3.1765,-7.0859,9.12,1.57,9.66138,1.83403,1.35,0.7495,5.55,22.56,-0.77023,2.2,7.0
SSCC-1-Mn,-0.30788,-3.4853,-4.3042,-0.5789,-3.64203,-3.1765,-3.1315,7.434,0.0,9.66138,1.83403,1.4,0.7495,4.45,7.47,-0.77023,1.55,5.0
SSCC-1-Nb,-1.52915,-1.9019,-3.643,1.3534,-3.64203,-3.1765,-6.5678,6.759,0.892,9.66138,1.83403,1.45,0.7495,4.0,8.57,-0.77023,1.6,4.0
SSCC-1-Ni,0.91616,-3.7066,-3.88,-1.5395,-3.64203,-3.1765,-4.4744,7.64,1.16,9.66138,1.83403,1.35,0.7495,5.2,8.908,-0.77023,1.91,8.0
SSCC-1-Os,-0.39472,-4.6506,-5.2144,-1.7538,-3.64203,-3.1765,-7.8962,8.71,1.1,9.66138,1.83403,1.3,0.7495,5.4,22.59,-0.77023,2.2,6.0
SSCC-1-Pd,0.25522,-3.2381,-3.9768,-1.4843,-3.64203,-3.1765,-3.0964,8.337,0.557,9.66138,1.83403,1.4,0.7495,5.45,12.023,-0.77023,2.2,10.0
SSCC-1-Pt,0.23939,-4.9378,-5.5279,-2.3468,-3.64203,-3.1765,-4.9436,9.02,2.128,9.66138,1.83403,1.35,0.7495,5.65,21.45,-0.77023,2.28,9.0
SSCC-1-Rh,0.06428,-3.2357,-3.9932,-1.7582,-3.64203,-3.1765,-5.4804,7.459,1.137,9.66138,1.83403,1.35,0.7495,5.4,12.45,-0.77023,2.28,8.0
SSCC-1-Ru,-0.5619,-3.7016,-4.6195,-1.515,-3.64203,-3.1765,-6.5823,7.361,1.05,9.66138,1.83403,1.3,0.7495,5.4,12.37,-0.77023,2.2,7.0
SSCC-1-Sc,-0.71893,-3.2576,-3.8073,2.2982,-3.64203,-3.1765,-4.1601,6.562,0.188,9.66138,1.83403,1.6,0.7495,3.25,2.985,-0.77023,1.36,1.0
SSCC-1-Ta,-1.9741,-2.3395,-4.1118,1.7577,-3.64203,-3.1765,-7.9459,7.89,0.32,9.66138,1.83403,1.45,0.7495,4.05,16.65,-0.77023,1.5,3.0
SSCC-1-Ti,-1.45801,-2.8395,-2.8715,1.57,-3.64203,-3.1765,-5.4049,6.828,0.079,9.66138,1.83403,1.4,0.7495,3.65,4.507,-0.77023,1.54,2.0
SSCC-1-V,-1.20416,-1.7318,-2.8683,1.1689,-3.64203,-3.1765,-5.0589,6.746,0.524,9.66138,1.83403,1.35,0.7495,4.25,6.11,-0.77023,1.63,3.0
SSCC-1-Y,-0.74485,-2.4603,-3.602,2.5942,-3.64203,-3.1765,-4.2729,6.22,0.307,9.66138,1.83403,1.8,0.7495,3.2,4.472,-0.77023,1.22,1.0
SSCC-1-Zn,0.45126,-0.6498,-5.8522,-6.6672,-3.64203,-3.1765,-0.717,9.394,0.0,9.66138,1.83403,1.35,0.7495,4.1,7.14,-0.77023,1.65,10.0
SSCC-1-Zr,-1.23033,-2.7471,-2.8313,1.7376,-3.64203,-3.1765,-6.2538,6.634,0.426,9.66138,1.83403,1.55,0.7495,3.4,6.511,-0.77023,1.33,2.0
SSNN-1-Au,-0.14675,-5.2426,-5.9456,-3.2861,-3.97496,-3.2393,-2.4188,9.225,2.309,6.48821,1.073,1.35,0.689,5.15,19.3,0.50017,2.54,10.0
SSNN-1-Cd,0.50727,-0.7368,-5.4994,-7.6339,-3.97496,-3.2393,-0.3509,8.994,0.0,6.48821,1.073,1.55,0.689,4.05,8.65,0.50017,1.69,10.0
SSNN-1-Co,1.05097,-3.9152,-3.9463,-1.6744,-3.97496,-3.2393,-5.1966,7.881,0.66,6.48821,1.073,1.35,0.689,5.1,8.9,0.50017,1.88,7.0
SSNN-3-Co,0.79426,-3.9152,-3.9463,-1.6744,-3.63473,-3.1863,-5.1966,7.881,0.66,4.73436,1.07273,1.35,0.689,5.1,8.9,0.53721,1.88,7.0
SSNN-1-Cu,0.22018,-3.9515,-4.7251,-2.3336,-3.97496,-3.2393,-3.0383,7.727,1.227,6.48821,1.073,1.35,0.689,4.55,8.96,0.50017,1.9,10.0
SSNN-1-Fe,0.33474,-4.2604,-4.3671,-1.1981,-3.97496,-3.2393,-4.8008,7.903,0.163,6.48821,1.073,1.4,0.689,4.93,7.874,0.50017,1.83,6.0
SSNN-1-Ir,0.52015,-4.9944,-5.0181,-2.4149,-3.97496,-3.2393,-7.0859,9.12,1.57,6.48821,1.073,1.35,0.689,5.55,22.56,0.50017,2.2,7.0
SSNN-1-Ni,0.39948,-3.7066,-3.88,-1.5395,-3.97496,-3.2393,-4.4744,7.64,1.16,6.48821,1.073,1.35,0.689,5.2,8.908,0.50017,1.91,8.0
SSNN-1-Os,0.13256,-4.6506,-5.2144,-1.7538,-3.97496,-3.2393,-7.8962,8.71,1.1,6.48821,1.073,1.3,0.689,5.4,22.59,0.50017,2.2,6.0
SSNN-1-Pd,-0.45289,-3.2381,-3.9768,-1.4843,-3.97496,-3.2393,-3.0964,8.337,0.557,6.48821,1.073,1.4,0.689,5.45,12.023,0.50017,2.2,10.0
SSNN-1-Pt,-0.76512,-4.9378,-5.5279,-2.3468,-3.97496,-3.2393,-4.9436,9.02,2.128,6.48821,1.073,1.35,0.689,5.65,21.45,0.50017,2.28,9.0
SSNN-1-Rh,0.64859,-3.2357,-3.9932,-1.7582,-3.97496,-3.2393,-5.4804,7.459,1.137,6.48821,1.073,1.35,0.689,5.4,12.45,0.50017,2.28,8.0
SSNN-1-Ru,-0.64729,-3.7016,-4.6195,-1.515,-3.97496,-3.2393,-6.5823,7.361,1.05,6.48821,1.073,1.3,0.689,5.4,12.37,0.50017,2.2,7.0
SSNN-1-Sc,-1.73789,-3.2576,-3.8073,2.2982,-3.97496,-3.2393,-4.1601,6.562,0.188,6.48821,1.073,1.6,0.689,3.25,2.985,0.50017,1.36,1.0
SSNN-1-Ti,-1.6511,-2.8395,-2.8715,1.57,-3.97496,-3.2393,-5.4049,6.828,0.079,6.48821,1.073,1.4,0.689,3.65,4.507,0.50017,1.54,2.0
SSNN-1-Y,-1.6138,-2.4603,-3.602,2.5942,-3.97496,-3.2393,-4.2729,6.22,0.307,6.48821,1.073,1.8,0.689,3.2,4.472,0.50017,1.22,1.0
SSNN-1-Zn,-0.26046,-0.6498,-5.8522,-6.6672,-3.97496,-3.2393,-0.717,9.394,0.0,6.48821,1.073,1.35,0.689,4.1,7.14,0.50017,1.65,10.0
SSOO-1-Co,0.17238,-3.9152,-3.9463,-1.6744,-5.77982,-2.6581,-5.1966,7.881,0.66,3.98245,1.767,1.35,0.648,5.1,8.9,-0.05181,1.88,7.0
SSOO-1-Ir,-1.97225,-4.9944,-5.0181,-2.4149,-5.77982,-2.6581,-7.0859,9.12,1.57,3.98245,1.767,1.35,0.648,5.55,22.56,-0.05181,2.2,7.0
SSOO-1-Os,-0.77404,-4.6506,-5.2144,-1.7538,-5.77982,-2.6581,-7.8962,8.71,1.1,3.98245,1.767,1.3,0.648,5.4,22.59,-0.05181,2.2,6.0
SSOO-1-Pd,0.83757,-3.2381,-3.9768,-1.4843,-5.77982,-2.6581,-3.0964,8.337,0.557,3.98245,1.767,1.4,0.648,5.45,12.023,-0.05181,2.2,10.0
SSOO-1-Rh,0.58228,-3.2357,-3.9932,-1.7582,-5.77982,-2.6581,-5.4804,7.459,1.137,3.98245,1.767,1.35,0.648,5.4,12.45,-0.05181,2.28,8.0
SSOO-1-Y,-1.30562,-2.4603,-3.602,2.5942,-5.77982,-2.6581,-4.2729,6.22,0.307,3.98245,1.767,1.8,0.648,3.2,4.472,-0.05181,1.22,1.0
SSOO-1-Zn,0.54143,-0.6498,-5.8522,-6.6672,-5.77982,-2.6581,-0.717,9.394,0.0,3.98245,1.767,1.35,0.648,4.1,7.14,-0.05181,1.65,10.0
SSPP-1-Au,0.34806,-5.2426,-5.9456,-3.2861,-4.94177,-2.4057,-2.4188,9.225,2.309,10.56244,1.4095,1.35,0.9165,5.15,19.3,-2.4046,2.54,10.0
SSPP-1-Co,0.70759,-3.9152,-3.9463,-1.6744,-4.94177,-2.4057,-5.1966,7.881,0.66,10.56244,1.4095,1.35,0.9165,5.1,8.9,-2.4046,1.88,7.0
SSPP-1-Cu,-0.27883,-3.9515,-4.7251,-2.3336,-4.94177,-2.4057,-3.0383,7.727,1.227,10.56244,1.4095,1.35,0.9165,4.55,8.96,-2.4046,1.9,10.0
SSPP-1-Fe,0.13576,-4.2604,-4.3671,-1.1981,-4.94177,-2.4057,-4.8008,7.903,0.163,10.56244,1.4095,1.4,0.9165,4.93,7.874,-2.4046,1.83,6.0
SSPP-1-Ir,5e-05,-4.9944,-5.0181,-2.4149,-4.94177,-2.4057,-7.0859,9.12,1.57,10.56244,1.4095,1.35,0.9165,5.55,22.56,-2.4046,2.2,7.0
SSPP-1-Y,-1.35578,-2.4603,-3.602,2.5942,-4.94177,-2.4057,-4.2729,6.22,0.307,10.56244,1.4095,1.8,0.9165,3.2,4.472,-2.4046,1.22,1.0
SSPP-1-Zn,0.18379,-0.6498,-5.8522,-6.6672,-4.94177,-2.4057,-0.717,9.394,0.0,10.56244,1.4095,1.35,0.9165,4.1,7.14,-2.4046,1.65,10.0
CCCB-Ag,0.75892,-3.8403,-4.5659,-3.7706,-1.70383,-3.959,-2.0183,7.576,1.302,7.96683,1.26548,1.6,0.69275,4.45,10.49,-0.59071,1.93,10.0
CCCB-Cd,0.68449,-0.7368,-5.4994,-7.6339,-1.70383,-3.959,-0.3509,8.994,0.0,7.96683,1.26548,1.55,0.69275,4.05,8.65,-0.59071,1.69,10.0
CCCB-Co,0.43479,-3.9152,-3.9463,-1.6744,-1.70383,-3.959,-5.1966,7.881,0.66,7.96683,1.26548,1.35,0.69275,5.1,8.9,-0.59071,1.88,7.0
CCCB-Cr,-0.87839,-1.6383,-3.5634,-0.0056,-1.70383,-3.959,-3.5882,6.767,0.666,7.96683,1.26548,1.4,0.69275,4.65,7.19,-0.59071,1.66,5.0
CCCB-Fe,0.04383,-4.2604,-4.3671,-1.1981,-1.70383,-3.959,-4.8008,7.903,0.163,7.96683,1.26548,1.4,0.69275,4.93,7.874,-0.59071,1.83,6.0
CCCB-Hf,-2.00998,-2.9349,-4.3792,2.1396,-1.70383,-3.959,-6.4029,6.825,0.0,7.96683,1.26548,1.55,0.69275,3.55,13.31,-0.59071,1.3,2.0
CCCB-Hg,-0.33011,-0.7065,-6.681,-6.1561,-1.70383,-3.959,0.3374,10.438,0.0,7.96683,1.26548,1.5,0.69275,4.2,13.534,-0.59071,2.0,10.0
CCCB-Ir,-0.01493,-4.9944,-5.0181,-2.4149,-1.70383,-3.959,-7.0859,9.12,1.57,7.96683,1.26548,1.35,0.69275,5.55,22.56,-0.59071,2.2,7.0
CCCB-Mn,-0.43427,-3.4853,-4.3042,-0.5789,-1.70383,-3.959,-3.1315,7.434,0.0,7.96683,1.26548,1.4,0.69275,4.45,7.47,-0.59071,1.55,5.0
CCCB-Mo,-1.01238,-1.7437,-4.5378,-0.1961,-1.70383,-3.959,-5.705,7.092,0.745,7.96683,1.26548,1.45,0.69275,4.65,10.28,-0.59071,2.16,5.0
CCCB-Nb,-1.38609,-1.9019,-3.643,1.3534,-1.70383,-3.959,-6.5678,6.759,0.892,7.96683,1.26548,1.45,0.69275,4.0,8.57,-0.59071,1.6,4.0
CCCB-Ni,0.2341,-3.7066,-3.88,-1.5395,-1.70383,-3.959,-4.4744,7.64,1.16,7.96683,1.26548,1.35,0.69275,5.2,8.908,-0.59071,1.91,8.0
CCCB-Os,-0.71514,-4.6506,-5.2144,-1.7538,-1.70383,-3.959,-7.8962,8.71,1.1,7.96683,1.26548,1.3,0.69275,5.4,22.59,-0.59071,2.2,6.0
CCCB-Pd,0.7428,-3.2381,-3.9768,-1.4843,-1.70383,-3.959,-3.0964,8.337,0.557,7.96683,1.26548,1.4,0.69275,5.45,12.023,-0.59071,2.2,10.0
CCCB-Pt,0.61998,-4.9378,-5.5279,-2.3468,-1.70383,-3.959,-4.9436,9.02,2.128,7.96683,1.26548,1.35,0.69275,5.65,21.45,-0.59071,2.28,9.0
CCCB-Re,-1.11307,-3.2531,-4.6675,-0.4274,-1.70383,-3.959,-7.1054,7.88,0.15,7.96683,1.26548,1.35,0.69275,5.4,21.02,-0.59071,1.9,5.0
CCCB-Rh,0.32447,-3.2357,-3.9932,-1.7582,-1.70383,-3.959,-5.4804,7.459,1.137,7.96683,1.26548,1.35,0.69275,5.4,12.45,-0.59071,2.28,8.0
CCCB-Ru,-0.15093,-3.7016,-4.6195,-1.515,-1.70383,-3.959,-6.5823,7.361,1.05,7.96683,1.26548,1.3,0.69275,5.4,12.37,-0.59071,2.2,7.0
CCCB-Sc,-1.00912,-3.2576,-3.8073,2.2982,-1.70383,-3.959,-4.1601,6.562,0.188,7.96683,1.26548,1.6,0.69275,3.25,2.985,-0.59071,1.36,1.0
CCCB-Ta,-1.75415,-2.3395,-4.1118,1.7577,-1.70383,-3.959,-7.9459,7.89,0.32,7.96683,1.26548,1.45,0.69275,4.05,16.65,-0.59071,1.5,3.0
CCCB-Tc,-0.57911,-3.0741,-4.8318,-0.4865,-1.70383,-3.959,-6.4378,7.28,0.55,7.96683,1.26548,1.35,0.69275,5.3,11.5,-0.59071,1.9,5.0
CCCB-Ti,-1.53265,-2.8395,-2.8715,1.57,-1.70383,-3.959,-5.4049,6.828,0.079,7.96683,1.26548,1.4,0.69275,3.65,4.507,-0.59071,1.54,2.0
CCCB-V,-1.25528,-1.7318,-2.8683,1.1689,-1.70383,-3.959,-5.0589,6.746,0.524,7.96683,1.26548,1.35,0.69275,4.25,6.11,-0.59071,1.63,3.0
CCCB-W,-1.44103,-2.6786,-4.0064,0.0262,-1.70383,-3.959,-7.7397,7.98,0.815,7.96683,1.26548,1.35,0.69275,4.8,19.25,-0.59071,2.36,4.0
CCCB-Y,-0.94499,-2.4603,-3.602,2.5942,-1.70383,-3.959,-4.2729,6.22,0.307,7.96683,1.26548,1.8,0.69275,3.2,4.472,-0.59071,1.22,1.0
CCCB-Zn,0.16353,-0.6498,-5.8522,-6.6672,-1.70383,-3.959,-0.717,9.394,0.0,7.96683,1.26548,1.35,0.69275,4.1,7.14,-0.59071,1.65,10.0
CCCB-Zr,-1.67937,-2.7471,-2.8313,1.7376,-1.70383,-3.959,-6.2538,6.634,0.426,7.96683,1.26548,1.55,0.69275,3.4,6.511,-0.59071,1.33,2.0
CCCN-Ag,-0.4091,-3.8403,-4.5659,-3.7706,-2.5092,-3.8117,-2.0183,7.576,1.302,7.91707,1.21455,1.6,0.61375,4.45,10.49,0.71983,1.93,10.0
CCCN-Au,-0.66745,-5.2426,-5.9456,-3.2861,-2.5092,-3.8117,-2.4188,9.225,2.309,7.91707,1.21455,1.35,0.61375,5.15,19.3,0.71983,2.54,10.0
CCCN-Cd,0.58278,-0.7368,-5.4994,-7.6339,-2.5092,-3.8117,-0.3509,8.994,0.0,7.91707,1.21455,1.55,0.61375,4.05,8.65,0.71983,1.69,10.0
CCCN-Co,0.57125,-3.9152,-3.9463,-1.6744,-2.5092,-3.8117,-5.1966,7.881,0.66,7.91707,1.21455,1.35,0.61375,5.1,8.9,0.71983,1.88,7.0
CCCN-Cr,-0.98511,-1.6383,-3.5634,-0.0056,-2.5092,-3.8117,-3.5882,6.767,0.666,7.91707,1.21455,1.4,0.61375,4.65,7.19,0.71983,1.66,5.0
CCCN-Cu,-0.32565,-3.9515,-4.7251,-2.3336,-2.5092,-3.8117,-3.0383,7.727,1.227,7.91707,1.21455,1.35,0.61375,4.55,8.96,0.71983,1.9,10.0
CCCN-Fe,0.3516,-4.2604,-4.3671,-1.1981,-2.5092,-3.8117,-4.8008,7.903,0.163,7.91707,1.21455,1.4,0.61375,4.93,7.874,0.71983,1.83,6.0
CCCN-Hf,-1.95502,-2.9349,-4.3792,2.1396,-2.5092,-3.8117,-6.4029,6.825,0.0,7.91707,1.21455,1.55,0.61375,3.55,13.31,0.71983,1.3,2.0
CCCN-Hg,-0.05741,-0.7065,-6.681,-6.1561,-2.5092,-3.8117,0.3374,10.438,0.0,7.91707,1.21455,1.5,0.61375,4.2,13.534,0.71983,2.0,10.0
CCCN-Ir,0.19122,-4.9944,-5.0181,-2.4149,-2.5092,-3.8117,-7.0859,9.12,1.57,7.91707,1.21455,1.35,0.61375,5.55,22.56,0.71983,2.2,7.0
CCCN-Mn,0.02264,-3.4853,-4.3042,-0.5789,-2.5092,-3.8117,-3.1315,7.434,0.0,7.91707,1.21455,1.4,0.61375,4.45,7.47,0.71983,1.55,5.0
CCCN-Nb,-1.58301,-1.9019,-3.643,1.3534,-2.5092,-3.8117,-6.5678,6.759,0.892,7.91707,1.21455,1.45,0.61375,4.0,8.57,0.71983,1.6,4.0
CCCN-Ni,0.37164,-3.7066,-3.88,-1.5395,-2.5092,-3.8117,-4.4744,7.64,1.16,7.91707,1.21455,1.35,0.61375,5.2,8.908,0.71983,1.91,8.0
CCCN-Pd,0.4567,-3.2381,-3.9768,-1.4843,-2.5092,-3.8117,-3.0964,8.337,0.557,7.91707,1.21455,1.4,0.61375,5.45,12.023,0.71983,2.2,10.0
CCCN-Pt,0.41421,-4.9378,-5.5279,-2.3468,-2.5092,-3.8117,-4.9436,9.02,2.128,7.91707,1.21455,1.35,0.61375,5.65,21.45,0.71983,2.28,9.0
CCCN-Rh,0.61674,-3.2357,-3.9932,-1.7582,-2.5092,-3.8117,-5.4804,7.459,1.137,7.91707,1.21455,1.35,0.61375,5.4,12.45,0.71983,2.28,8.0
CCCN-Ru,-0.25253,-3.7016,-4.6195,-1.515,-2.5092,-3.8117,-6.5823,7.361,1.05,7.91707,1.21455,1.3,0.61375,5.4,12.37,0.71983,2.2,7.0
CCCN-Sc,-0.5195,-3.2576,-3.8073,2.2982,-2.5092,-3.8117,-4.1601,6.562,0.188,7.91707,1.21455,1.6,0.61375,3.25,2.985,0.71983,1.36,1.0
CCCN-Ta,-2.12672,-2.3395,-4.1118,1.7577,-2.5092,-3.8117,-7.9459,7.89,0.32,7.91707,1.21455,1.45,0.61375,4.05,16.65,0.71983,1.5,3.0
CCCN-Ti,-1.50747,-2.8395,-2.8715,1.57,-2.5092,-3.8117,-5.4049,6.828,0.079,7.91707,1.21455,1.4,0.61375,3.65,4.507,0.71983,1.54,2.0
CCCN-V,-1.40588,-1.7318,-2.8683,1.1689,-2.5092,-3.8117,-5.0589,6.746,0.524,7.91707,1.21455,1.35,0.61375,4.25,6.11,0.71983,1.63,3.0
CCCN-Y,-0.60541,-2.4603,-3.602,2.5942,-2.5092,-3.8117,-4.2729,6.22,0.307,7.91707,1.21455,1.8,0.61375,3.2,4.472,0.71983,1.22,1.0
CCCN-Zn,0.33338,-0.6498,-5.8522,-6.6672,-2.5092,-3.8117,-0.717,9.394,0.0,7.91707,1.21455,1.35,0.61375,4.1,7.14,0.71983,1.65,10.0
CCCN-Zr,-1.5709,-2.7471,-2.8313,1.7376,-2.5092,-3.8117,-6.2538,6.634,0.426,7.91707,1.21455,1.55,0.61375,3.4,6.511,0.71983,1.33,2.0
CCCO-Ag,0.33979,-3.8403,-4.5659,-3.7706,-3.97295,-3.2652,-2.0183,7.576,1.302,6.74808,1.56155,1.6,0.59325,4.45,10.49,0.41864,1.93,10.0
CCCO-Au,0.28658,-5.2426,-5.9456,-3.2861,-3.97295,-3.2652,-2.4188,9.225,2.309,6.74808,1.56155,1.35,0.59325,5.15,19.3,0.41864,2.54,10.0
CCCO-Cd,0.45337,-0.7368,-5.4994,-7.6339,-3.97295,-3.2652,-0.3509,8.994,0.0,6.74808,1.56155,1.55,0.59325,4.05,8.65,0.41864,1.69,10.0
CCCO-Co,0.38157,-3.9152,-3.9463,-1.6744,-3.97295,-3.2652,-5.1966,7.881,0.66,6.74808,1.56155,1.35,0.59325,5.1,8.9,0.41864,1.88,7.0
CCCO-Cr,-0.81922,-1.6383,-3.5634,-0.0056,-3.97295,-3.2652,-3.5882,6.767,0.666,6.74808,1.56155,1.4,0.59325,4.65,7.19,0.41864,1.66,5.0
CCCO-Cu,0.09912,-3.9515,-4.7251,-2.3336,-3.97295,-3.2652,-3.0383,7.727,1.227,6.74808,1.56155,1.35,0.59325,4.55,8.96,0.41864,1.9,10.0
CCCO-Fe,0.07447,-4.2604,-4.3671,-1.1981,-3.97295,-3.2652,-4.8008,7.903,0.163,6.74808,1.56155,1.4,0.59325,4.93,7.874,0.41864,1.83,6.0
CCCO-Hf,-2.00164,-2.9349,-4.3792,2.1396,-3.97295,-3.2652,-6.4029,6.825,0.0,6.74808,1.56155,1.55,0.59325,3.55,13.31,0.41864,1.3,2.0
CCCO-Hg,0.71151,-0.7065,-6.681,-6.1561,-3.97295,-3.2652,0.3374,10.438,0.0,6.74808,1.56155,1.5,0.59325,4.2,13.534,0.41864,2.0,10.0
CCCO-Ir,-0.10488,-4.9944,-5.0181,-2.4149,-3.97295,-3.2652,-7.0859,9.12,1.57,6.74808,1.56155,1.35,0.59325,5.55,22.56,0.41864,2.2,7.0
CCCO-Mn,-0.14697,-3.4853,-4.3042,-0.5789,-3.97295,-3.2652,-3.1315,7.434,0.0,6.74808,1.56155,1.4,0.59325,4.45,7.47,0.41864,1.55,5.0
CCCO-Ni,0.31478,-3.7066,-3.88,-1.5395,-3.97295,-3.2652,-4.4744,7.64,1.16,6.74808,1.56155,1.35,0.59325,5.2,8.908,0.41864,1.91,8.0
CCCO-Os,-0.56702,-4.6506,-5.2144,-1.7538,-3.97295,-3.2652,-7.8962,8.71,1.1,6.74808,1.56155,1.3,0.59325,5.4,22.59,0.41864,2.2,6.0
CCCO-Pd,0.6368,-3.2381,-3.9768,-1.4843,-3.97295,-3.2652,-3.0964,8.337,0.557,6.74808,1.56155,1.4,0.59325,5.45,12.023,0.41864,2.2,10.0
CCCO-Pt,0.7594,-4.9378,-5.5279,-2.3468,-3.97295,-3.2652,-4.9436,9.02,2.128,6.74808,1.56155,1.35,0.59325,5.65,21.45,0.41864,2.28,9.0
CCCO-Rh,0.24213,-3.2357,-3.9932,-1.7582,-3.97295,-3.2652,-5.4804,7.459,1.137,6.74808,1.56155,1.35,0.59325,5.4,12.45,0.41864,2.28,8.0
CCCO-Ru,-0.1691,-3.7016,-4.6195,-1.515,-3.97295,-3.2652,-6.5823,7.361,1.05,6.74808,1.56155,1.3,0.59325,5.4,12.37,0.41864,2.2,7.0
CCCO-Sc,-0.82532,-3.2576,-3.8073,2.2982,-3.97295,-3.2652,-4.1601,6.562,0.188,6.74808,1.56155,1.6,0.59325,3.25,2.985,0.41864,1.36,1.0
CCCO-Ta,-2.3264,-2.3395,-4.1118,1.7577,-3.97295,-3.2652,-7.9459,7.89,0.32,6.74808,1.56155,1.45,0.59325,4.05,16.65,0.41864,1.5,3.0
CCCO-Ti,-1.56968,-2.8395,-2.8715,1.57,-3.97295,-3.2652,-5.4049,6.828,0.079,6.74808,1.56155,1.4,0.59325,3.65,4.507,0.41864,1.54,2.0
CCCO-V,-1.35658,-1.7318,-2.8683,1.1689,-3.97295,-3.2652,-5.0589,6.746,0.524,6.74808,1.56155,1.35,0.59325,4.25,6.11,0.41864,1.63,3.0
CCCO-Y,-0.73015,-2.4603,-3.602,2.5942,-3.97295,-3.2652,-4.2729,6.22,0.307,6.74808,1.56155,1.8,0.59325,3.2,4.472,0.41864,1.22,1.0
CCCO-Zn,0.55517,-0.6498,-5.8522,-6.6672,-3.97295,-3.2652,-0.717,9.394,0.0,6.74808,1.56155,1.35,0.59325,4.1,7.14,0.41864,1.65,10.0
CCCO-Zr,-1.57411,-2.7471,-2.8313,1.7376,-3.97295,-3.2652,-6.2538,6.634,0.426,6.74808,1.56155,1.55,0.59325,3.4,6.511,0.41864,1.33,2.0
CCCP-Ag,0.08795,-3.8403,-4.5659,-3.7706,-2.54198,-3.4176,-2.0183,7.576,1.302,8.26892,1.3828,1.6,0.7275,4.45,10.49,-0.81621,1.93,10.0
CCCP-Au,-0.82288,-5.2426,-5.9456,-3.2861,-2.54198,-3.4176,-2.4188,9.225,2.309,8.26892,1.3828,1.35,0.7275,5.15,19.3,-0.81621,2.54,10.0
CCCP-Cd,-0.18894,-0.7368,-5.4994,-7.6339,-2.54198,-3.4176,-0.3509,8.994,0.0,8.26892,1.3828,1.55,0.7275,4.05,8.65,-0.81621,1.69,10.0
CCCP-Co,0.17568,-3.9152,-3.9463,-1.6744,-2.54198,-3.4176,-5.1966,7.881,0.66,8.26892,1.3828,1.35,0.7275,5.1,8.9,-0.81621,1.88,7.0
CCCP-Fe,-0.01082,-4.2604,-4.3671,-1.1981,-2.54198,-3.4176,-4.8008,7.903,0.163,8.26892,1.3828,1.4,0.7275,4.93,7.874,-0.81621,1.83,6.0
CCCP-Hf,-1.96204,-2.9349,-4.3792,2.1396,-2.54198,-3.4176,-6.4029,6.825,0.0,8.26892,1.3828,1.55,0.7275,3.55,13.31,-0.81621,1.3,2.0
CCCP-Hg,0.69819,-0.7065,-6.681,-6.1561,-2.54198,-3.4176,0.3374,10.438,0.0,8.26892,1.3828,1.5,0.7275,4.2,13.534,-0.81621,2.0,10.0
CCCP-Ir,0.12087,-4.9944,-5.0181,-2.4149,-2.54198,-3.4176,-7.0859,9.12,1.57,8.26892,1.3828,1.35,0.7275,5.55,22.56,-0.81621,2.2,7.0
CCCP-Mn,-0.29416,-3.4853,-4.3042,-0.5789,-2.54198,-3.4176,-3.1315,7.434,0.0,8.26892,1.3828,1.4,0.7275,4.45,7.47,-0.81621,1.55,5.0
CCCP-Nb,-1.5458,-1.9019,-3.643,1.3534,-2.54198,-3.4176,-6.5678,6.759,0.892,8.26892,1.3828,1.45,0.7275,4.0,8.57,-0.81621,1.6,4.0
CCCP-Ni,0.68462,-3.7066,-3.88,-1.5395,-2.54198,-3.4176,-4.4744,7.64,1.16,8.26892,1.3828,1.35,0.7275,5.2,8.908,-0.81621,1.91,8.0
CCCP-Pd,0.72441,-3.2381,-3.9768,-1.4843,-2.54198,-3.4176,-3.0964,8.337,0.557,8.26892,1.3828,1.4,0.7275,5.45,12.023,-0.81621,2.2,10.0
CCCP-Pt,0.3396,-4.9378,-5.5279,-2.3468,-2.54198,-3.4176,-4.9436,9.02,2.128,8.26892,1.3828,1.35,0.7275,5.65,21.45,-0.81621,2.28,9.0
CCCP-Ru,-0.55789,-3.7016,-4.6195,-1.515,-2.54198,-3.4176,-6.5823,7.361,1.05,8.26892,1.3828,1.3,0.7275,5.4,12.37,-0.81621,2.2,7.0
CCCP-Sc,-0.75351,-3.2576,-3.8073,2.2982,-2.54198,-3.4176,-4.1601,6.562,0.188,8.26892,1.3828,1.6,0.7275,3.25,2.985,-0.81621,1.36,1.0
CCCP-Ti,-1.63685,-2.8395,-2.8715,1.57,-2.54198,-3.4176,-5.4049,6.828,0.079,8.26892,1.3828,1.4,0.7275,3.65,4.507,-0.81621,1.54,2.0
CCCP-Y,-0.7364,-2.4603,-3.602,2.5942,-2.54198,-3.4176,-4.2729,6.22,0.307,8.26892,1.3828,1.8,0.7275,3.2,4.472,-0.81621,1.22,1.0
CCCP-Zn,0.65245,-0.6498,-5.8522,-6.6672,-2.54198,-3.4176,-0.717,9.394,0.0,8.26892,1.3828,1.35,0.7275,4.1,7.14,-0.81621,1.65,10.0
CCCS-Ag,-0.04061,-3.8403,-4.5659,-3.7706,-2.63041,-3.3641,-2.0183,7.576,1.302,8.85491,1.71455,1.6,0.69675,4.45,10.49,-0.07688,1.93,10.0
CCCS-Au,-0.08265,-5.2426,-5.9456,-3.2861,-2.63041,-3.3641,-2.4188,9.225,2.309,8.85491,1.71455,1.35,0.69675,5.15,19.3,-0.07688,2.54,10.0
CCCS-Cd,0.44089,-0.7368,-5.4994,-7.6339,-2.63041,-3.3641,-0.3509,8.994,0.0,8.85491,1.71455,1.55,0.69675,4.05,8.65,-0.07688,1.69,10.0
CCCS-Co,0.59172,-3.9152,-3.9463,-1.6744,-2.63041,-3.3641,-5.1966,7.881,0.66,8.85491,1.71455,1.35,0.69675,5.1,8.9,-0.07688,1.88,7.0
CCCS-Cr,-1.0659,-1.6383,-3.5634,-0.0056,-2.63041,-3.3641,-3.5882,6.767,0.666,8.85491,1.71455,1.4,0.69675,4.65,7.19,-0.07688,1.66,5.0
CCCS-Cu,0.09026,-3.9515,-4.7251,-2.3336,-2.63041,-3.3641,-3.0383,7.727,1.227,8.85491,1.71455,1.35,0.69675,4.55,8.96,-0.07688,1.9,10.0
CCCS-Fe,0.02956,-4.2604,-4.3671,-1.1981,-2.63041,-3.3641,-4.8008,7.903,0.163,8.85491,1.71455,1.4,0.69675,4.93,7.874,-0.07688,1.83,6.0
CCCS-Hf,-1.77611,-2.9349,-4.3792,2.1396,-2.63041,-3.3641,-6.4029,6.825,0.0,8.85491,1.71455,1.55,0.69675,3.55,13.31,-0.07688,1.3,2.0
CCCS-Hg,0.18235,-0.7065,-6.681,-6.1561,-2.63041,-3.3641,0.3374,10.438,0.0,8.85491,1.71455,1.5,0.69675,4.2,13.534,-0.07688,2.0,10.0
CCCS-Ir,-0.0198,-4.9944,-5.0181,-2.4149,-2.63041,-3.3641,-7.0859,9.12,1.57,8.85491,1.71455,1.35,0.69675,5.55,22.56,-0.07688,2.2,7.0
CCCS-Mn,-0.18919,-3.4853,-4.3042,-0.5789,-2.63041,-3.3641,-3.1315,7.434,0.0,8.85491,1.71455,1.4,0.69675,4.45,7.47,-0.07688,1.55,5.0
CCCS-Nb,-1.67481,-1.9019,-3.643,1.3534,-2.63041,-3.3641,-6.5678,6.759,0.892,8.85491,1.71455,1.45,0.69675,4.0,8.57,-0.07688,1.6,4.0
CCCS-Ni,-0.07254,-3.7066,-3.88,-1.5395,-2.63041,-3.3641,-4.4744,7.64,1.16,8.85491,1.71455,1.35,0.69675,5.2,8.908,-0.07688,1.91,8.0
CCCS-Pd,-0.13536,-3.2381,-3.9768,-1.4843,-2.63041,-3.3641,-3.0964,8.337,0.557,8.85491,1.71455,1.4,0.69675,5.45,12.023,-0.07688,2.2,10.0
CCCS-Pt,-0.25593,-4.9378,-5.5279,-2.3468,-2.63041,-3.3641,-4.9436,9.02,2.128,8.85491,1.71455,1.35,0.69675,5.65,21.45,-0.07688,2.28,9.0
CCCS-Rh,0.27551,-3.2357,-3.9932,-1.7582,-2.63041,-3.3641,-5.4804,7.459,1.137,8.85491,1.71455,1.35,0.69675,5.4,12.45,-0.07688,2.28,8.0
CCCS-Ru,-0.24832,-3.7016,-4.6195,-1.515,-2.63041,-3.3641,-6.5823,7.361,1.05,8.85491,1.71455,1.3,0.69675,5.4,12.37,-0.07688,2.2,7.0
CCCS-Ti,-1.4352,-2.8395,-2.8715,1.57,-2.63041,-3.3641,-5.4049,6.828,0.079,8.85491,1.71455,1.4,0.69675,3.65,4.507,-0.07688,1.54,2.0
CCCS-V,-1.61745,-1.7318,-2.8683,1.1689,-2.63041,-3.3641,-5.0589,6.746,0.524,8.85491,1.71455,1.35,0.69675,4.25,6.11,-0.07688,1.63,3.0
CCCS-Y,-0.71702,-2.4603,-3.602,2.5942,-2.63041,-3.3641,-4.2729,6.22,0.307,8.85491,1.71455,1.8,0.69675,3.2,4.472,-0.07688,1.22,1.0
CCCS-Zn,0.51924,-0.6498,-5.8522,-6.6672,-2.63041,-3.3641,-0.717,9.394,0.0,8.85491,1.71455,1.35,0.69675,4.1,7.14,-0.07688,1.65,10.0
CCCS-Zr,-1.41902,-2.7471,-2.8313,1.7376,-2.63041,-3.3641,-6.2538,6.634,0.426,8.85491,1.71455,1.55,0.69675,3.4,6.511,-0.07688,1.33,2.0
NNNB-Ag,0.29178,-3.8403,-4.5659,-3.7706,-3.12451,-3.7926,-2.0183,7.576,1.302,4.27946,0.12393,1.6,0.602,4.45,10.49,1.33486,1.93,10.0
NNNB-Au,-0.36921,-5.2426,-5.9456,-3.2861,-3.12451,-3.7926,-2.4188,9.225,2.309,4.27946,0.12393,1.35,0.602,5.15,19.3,1.33486,2.54,10.0
NNNB-Cd,0.70011,-0.7368,-5.4994,-7.6339,-3.12451,-3.7926,-0.3509,8.994,0.0,4.27946,0.12393,1.55,0.602,4.05,8.65,1.33486,1.69,10.0
NNNB-Co,0.2937,-3.9152,-3.9463,-1.6744,-3.12451,-3.7926,-5.1966,7.881,0.66,4.27946,0.12393,1.35,0.602,5.1,8.9,1.33486,1.88,7.0
NNNB-Cu,-0.3591,-3.9515,-4.7251,-2.3336,-3.12451,-3.7926,-3.0383,7.727,1.227,4.27946,0.12393,1.35,0.602,4.55,8.96,1.33486,1.9,10.0
NNNB-Fe,-0.1008,-4.2604,-4.3671,-1.1981,-3.12451,-3.7926,-4.8008,7.903,0.163,4.27946,0.12393,1.4,0.602,4.93,7.874,1.33486,1.83,6.0
NNNB-Hf,-1.91466,-2.9349,-4.3792,2.1396,-3.12451,-3.7926,-6.4029,6.825,0.0,4.27946,0.12393,1.55,0.602,3.55,13.31,1.33486,1.3,2.0
NNNB-Ir,-0.10504,-4.9944,-5.0181,-2.4149,-3.12451,-3.7926,-7.0859,9.12,1.57,4.27946,0.12393,1.35,0.602,5.55,22.56,1.33486,2.2,7.0
NNNB-Mn,-0.17082,-3.4853,-4.3042,-0.5789,-3.12451,-3.7926,-3.1315,7.434,0.0,4.27946,0.12393,1.4,0.602,4.45,7.47,1.33486,1.55,5.0
NNNB-Mo,-1.39862,-1.7437,-4.5378,-0.1961,-3.12451,-3.7926,-5.705,7.092,0.745,4.27946,0.12393,1.45,0.602,4.65,10.28,1.33486,2.16,5.0
NNNB-Nb,-1.88216,-1.9019,-3.643,1.3534,-3.12451,-3.7926,-6.5678,6.759,0.892,4.27946,0.12393,1.45,0.602,4.0,8.57,1.33486,1.6,4.0
NNNB-Ni,0.3837,-3.7066,-3.88,-1.5395,-3.12451,-3.7926,-4.4744,7.64,1.16,4.27946,0.12393,1.35,0.602,5.2,8.908,1.33486,1.91,8.0
NNNB-Pd,-0.3471,-3.2381,-3.9768,-1.4843,-3.12451,-3.7926,-3.0964,8.337,0.557,4.27946,0.12393,1.4,0.602,5.45,12.023,1.33486,2.2,10.0
NNNB-Pt,0.30291,-4.9378,-5.5279,-2.3468,-3.12451,-3.7926,-4.9436,9.02,2.128,4.27946,0.12393,1.35,0.602,5.65,21.45,1.33486,2.28,9.0
NNNB-Rh,0.15132,-3.2357,-3.9932,-1.7582,-3.12451,-3.7926,-5.4804,7.459,1.137,4.27946,0.12393,1.35,0.602,5.4,12.45,1.33486,2.28,8.0
NNNB-Sc,-1.44742,-3.2576,-3.8073,2.2982,-3.12451,-3.7926,-4.1601,6.562,0.188,4.27946,0.12393,1.6,0.602,3.25,2.985,1.33486,1.36,1.0
NNNB-Ta,-2.21935,-2.3395,-4.1118,1.7577,-3.12451,-3.7926,-7.9459,7.89,0.32,4.27946,0.12393,1.45,0.602,4.05,16.65,1.33486,1.5,3.0
NNNB-Ti,-1.54739,-2.8395,-2.8715,1.57,-3.12451,-3.7926,-5.4049,6.828,0.079,4.27946,0.12393,1.4,0.602,3.65,4.507,1.33486,1.54,2.0
NNNB-V,-1.42795,-1.7318,-2.8683,1.1689,-3.12451,-3.7926,-5.0589,6.746,0.524,4.27946,0.12393,1.35,0.602,4.25,6.11,1.33486,1.63,3.0
NNNB-Y,-1.42778,-2.4603,-3.602,2.5942,-3.12451,-3.7926,-4.2729,6.22,0.307,4.27946,0.12393,1.8,0.602,3.2,4.472,1.33486,1.22,1.0
NNNB-Zr,-1.55457,-2.7471,-2.8313,1.7376,-3.12451,-3.7926,-6.2538,6.634,0.426,4.27946,0.12393,1.55,0.602,3.4,6.511,1.33486,1.33,2.0
NNNC-Ag,-0.19581,-3.8403,-4.5659,-3.7706,-3.20926,-3.9102,-2.0183,7.576,1.302,5.53099,0.45352,1.6,0.55325,4.45,10.49,2.07455,1.93,10.0
NNNC-Cd,0.58568,-0.7368,-5.4994,-7.6339,-3.20926,-3.9102,-0.3509,8.994,0.0,5.53099,0.45352,1.55,0.55325,4.05,8.65,2.07455,1.69,10.0
NNNC-Co,0.84525,-3.9152,-3.9463,-1.6744,-3.20926,-3.9102,-5.1966,7.881,0.66,5.53099,0.45352,1.35,0.55325,5.1,8.9,2.07455,1.88,7.0
NNNC-Cr,-0.53471,-1.6383,-3.5634,-0.0056,-3.20926,-3.9102,-3.5882,6.767,0.666,5.53099,0.45352,1.4,0.55325,4.65,7.19,2.07455,1.66,5.0
NNNC-Cu,-0.02311,-3.9515,-4.7251,-2.3336,-3.20926,-3.9102,-3.0383,7.727,1.227,5.53099,0.45352,1.35,0.55325,4.55,8.96,2.07455,1.9,10.0
NNNC-Fe,0.23033,-4.2604,-4.3671,-1.1981,-3.20926,-3.9102,-4.8008,7.903,0.163,5.53099,0.45352,1.4,0.55325,4.93,7.874,2.07455,1.83,6.0
NNNC-Hf,-2.52742,-2.9349,-4.3792,2.1396,-3.20926,-3.9102,-6.4029,6.825,0.0,5.53099,0.45352,1.55,0.55325,3.55,13.31,2.07455,1.3,2.0
NNNC-Hg,0.12946,-0.7065,-6.681,-6.1561,-3.20926,-3.9102,0.3374,10.438,0.0,5.53099,0.45352,1.5,0.55325,4.2,13.534,2.07455,2.0,10.0
NNNC-Ir,0.76216,-4.9944,-5.0181,-2.4149,-3.20926,-3.9102,-7.0859,9.12,1.57,5.53099,0.45352,1.35,0.55325,5.55,22.56,2.07455,2.2,7.0
NNNC-Mn,0.04476,-3.4853,-4.3042,-0.5789,-3.20926,-3.9102,-3.1315,7.434,0.0,5.53099,0.45352,1.4,0.55325,4.45,7.47,2.07455,1.55,5.0
NNNC-Nb,-1.97504,-1.9019,-3.643,1.3534,-3.20926,-3.9102,-6.5678,6.759,0.892,5.53099,0.45352,1.45,0.55325,4.0,8.57,2.07455,1.6,4.0
NNNC-Ni,0.14252,-3.7066,-3.88,-1.5395,-3.20926,-3.9102,-4.4744,7.64,1.16,5.53099,0.45352,1.35,0.55325,5.2,8.908,2.07455,1.91,8.0
NNNC-Pd,-0.24832,-3.2381,-3.9768,-1.4843,-3.20926,-3.9102,-3.0964,8.337,0.557,5.53099,0.45352,1.4,0.55325,5.45,12.023,2.07455,2.2,10.0
NNNC-Pt,-0.28868,-4.9378,-5.5279,-2.3468,-3.20926,-3.9102,-4.9436,9.02,2.128,5.53099,0.45352,1.35,0.55325,5.65,21.45,2.07455,2.28,9.0
NNNC-Rh,0.77872,-3.2357,-3.9932,-1.7582,-3.20926,-3.9102,-5.4804,7.459,1.137,5.53099,0.45352,1.35,0.55325,5.4,12.45,2.07455,2.28,8.0
NNNC-Ru,-0.2975,-3.7016,-4.6195,-1.515,-3.20926,-3.9102,-6.5823,7.361,1.05,5.53099,0.45352,1.3,0.55325,5.4,12.37,2.07455,2.2,7.0
NNNC-Sc,-1.24619,-3.2576,-3.8073,2.2982,-3.20926,-3.9102,-4.1601,6.562,0.188,5.53099,0.45352,1.6,0.55325,3.25,2.985,2.07455,1.36,1.0
NNNC-Ti,-1.9669,-2.8395,-2.8715,1.57,-3.20926,-3.9102,-5.4049,6.828,0.079,5.53099,0.45352,1.4,0.55325,3.65,4.507,2.07455,1.54,2.0
NNNC-Y,-1.09846,-2.4603,-3.602,2.5942,-3.20926,-3.9102,-4.2729,6.22,0.307,5.53099,0.45352,1.8,0.55325,3.2,4.472,2.07455,1.22,1.0
NNNC-Zn,0.50793,-0.6498,-5.8522,-6.6672,-3.20926,-3.9102,-0.717,9.394,0.0,5.53099,0.45352,1.35,0.55325,4.1,7.14,2.07455,1.65,10.0
NNNC-Zr,-2.17513,-2.7471,-2.8313,1.7376,-3.20926,-3.9102,-6.2538,6.634,0.426,5.53099,0.45352,1.55,0.55325,3.4,6.511,2.07455,1.33,2.0
NNNO-Au,0.02185,-5.2426,-5.9456,-3.2861,-4.54468,-3.4445,-2.4188,9.225,2.309,2.45152,0.42,1.35,0.5025,5.15,19.3,2.53645,2.54,10.0
NNNO-Cd,-0.12518,-0.7368,-5.4994,-7.6339,-4.54468,-3.4445,-0.3509,8.994,0.0,2.45152,0.42,1.55,0.5025,4.05,8.65,2.53645,1.69,10.0
NNNO-Co,0.56678,-3.9152,-3.9463,-1.6744,-4.54468,-3.4445,-5.1966,7.881,0.66,2.45152,0.42,1.35,0.5025,5.1,8.9,2.53645,1.88,7.0
NNNO-Cr,-0.03,-1.6383,-3.5634,-0.0056,-4.54468,-3.4445,-3.5882,6.767,0.666,2.45152,0.42,1.4,0.5025,4.65,7.19,2.53645,1.66,5.0
NNNO-Cu,0.47187,-3.9515,-4.7251,-2.3336,-4.54468,-3.4445,-3.0383,7.727,1.227,2.45152,0.42,1.35,0.5025,4.55,8.96,2.53645,1.9,10.0
NNNO-Fe,0.50456,-4.2604,-4.3671,-1.1981,-4.54468,-3.4445,-4.8008,7.903,0.163,2.45152,0.42,1.4,0.5025,4.93,7.874,2.53645,1.83,6.0
NNNO-Hg,0.164,-0.7065,-6.681,-6.1561,-4.54468,-3.4445,0.3374,10.438,0.0,2.45152,0.42,1.5,0.5025,4.2,13.534,2.53645,2.0,10.0
NNNO-Ir,0.31699,-4.9944,-5.0181,-2.4149,-4.54468,-3.4445,-7.0859,9.12,1.57,2.45152,0.42,1.35,0.5025,5.55,22.56,2.53645,2.2,7.0
NNNO-Mn,0.11973,-3.4853,-4.3042,-0.5789,-4.54468,-3.4445,-3.1315,7.434,0.0,2.45152,0.42,1.4,0.5025,4.45,7.47,2.53645,1.55,5.0
NNNO-Ni,0.15124,-3.7066,-3.88,-1.5395,-4.54468,-3.4445,-4.4744,7.64,1.16,2.45152,0.42,1.35,0.5025,5.2,8.908,2.53645,1.91,8.0
NNNO-Os,0.04518,-4.6506,-5.2144,-1.7538,-4.54468,-3.4445,-7.8962,8.71,1.1,2.45152,0.42,1.3,0.5025,5.4,22.59,2.53645,2.2,6.0
NNNO-Pt,-0.3003,-4.9378,-5.5279,-2.3468,-4.54468,-3.4445,-4.9436,9.02,2.128,2.45152,0.42,1.35,0.5025,5.65,21.45,2.53645,2.28,9.0
NNNO-Rh,0.3395,-3.2357,-3.9932,-1.7582,-4.54468,-3.4445,-5.4804,7.459,1.137,2.45152,0.42,1.35,0.5025,5.4,12.45,2.53645,2.28,8.0
NNNO-Ru,0.28287,-3.7016,-4.6195,-1.515,-4.54468,-3.4445,-6.5823,7.361,1.05,2.45152,0.42,1.3,0.5025,5.4,12.37,2.53645,2.2,7.0
NNNO-Sc,-2.10853,-3.2576,-3.8073,2.2982,-4.54468,-3.4445,-4.1601,6.562,0.188,2.45152,0.42,1.6,0.5025,3.25,2.985,2.53645,1.36,1.0
NNNO-Y,-2.04651,-2.4603,-3.602,2.5942,-4.54468,-3.4445,-4.2729,6.22,0.307,2.45152,0.42,1.8,0.5025,3.2,4.472,2.53645,1.22,1.0
NNNO-Zn,0.14475,-0.6498,-5.8522,-6.6672,-4.54468,-3.4445,-0.717,9.394,0.0,2.45152,0.42,1.35,0.5025,4.1,7.14,2.53645,1.65,10.0
NNNP-Ag,0.78192,-3.8403,-4.5659,-3.7706,-3.81311,-3.2288,-2.0183,7.576,1.302,4.85908,0.24125,1.6,0.63675,4.45,10.49,1.38928,1.93,10.0
NNNP-Au,-0.07987,-5.2426,-5.9456,-3.2861,-3.81311,-3.2288,-2.4188,9.225,2.309,4.85908,0.24125,1.35,0.63675,5.15,19.3,1.38928,2.54,10.0
NNNP-Cd,0.01573,-0.7368,-5.4994,-7.6339,-3.81311,-3.2288,-0.3509,8.994,0.0,4.85908,0.24125,1.55,0.63675,4.05,8.65,1.38928,1.69,10.0
NNNP-Co,0.93631,-3.9152,-3.9463,-1.6744,-3.81311,-3.2288,-5.1966,7.881,0.66,4.85908,0.24125,1.35,0.63675,5.1,8.9,1.38928,1.88,7.0
NNNP-Cu,0.01888,-3.9515,-4.7251,-2.3336,-3.81311,-3.2288,-3.0383,7.727,1.227,4.85908,0.24125,1.35,0.63675,4.55,8.96,1.38928,1.9,10.0
NNNP-Fe,0.31358,-4.2604,-4.3671,-1.1981,-3.81311,-3.2288,-4.8008,7.903,0.163,4.85908,0.24125,1.4,0.63675,4.93,7.874,1.38928,1.83,6.0
NNNP-Hf,-2.12865,-2.9349,-4.3792,2.1396,-3.81311,-3.2288,-6.4029,6.825,0.0,4.85908,0.24125,1.55,0.63675,3.55,13.31,1.38928,1.3,2.0
NNNP-Ir,0.93052,-4.9944,-5.0181,-2.4149,-3.81311,-3.2288,-7.0859,9.12,1.57,4.85908,0.24125,1.35,0.63675,5.55,22.56,1.38928,2.2,7.0
NNNP-Ni,0.11589,-3.7066,-3.88,-1.5395,-3.81311,-3.2288,-4.4744,7.64,1.16,4.85908,0.24125,1.35,0.63675,5.2,8.908,1.38928,1.91,8.0
NNNP-Pd,-0.11982,-3.2381,-3.9768,-1.4843,-3.81311,-3.2288,-3.0964,8.337,0.557,4.85908,0.24125,1.4,0.63675,5.45,12.023,1.38928,2.2,10.0
NNNP-Pt,-0.33606,-4.9378,-5.5279,-2.3468,-3.81311,-3.2288,-4.9436,9.02,2.128,4.85908,0.24125,1.35,0.63675,5.65,21.45,1.38928,2.28,9.0
NNNP-Rh,0.75097,-3.2357,-3.9932,-1.7582,-3.81311,-3.2288,-5.4804,7.459,1.137,4.85908,0.24125,1.35,0.63675,5.4,12.45,1.38928,2.28,8.0
NNNP-Ru,0.26513,-3.7016,-4.6195,-1.515,-3.81311,-3.2288,-6.5823,7.361,1.05,4.85908,0.24125,1.3,0.63675,5.4,12.37,1.38928,2.2,7.0
NNNP-Y,-1.1824,-2.4603,-3.602,2.5942,-3.81311,-3.2288,-4.2729,6.22,0.307,4.85908,0.24125,1.8,0.63675,3.2,4.472,1.38928,1.22,1.0
NNNP-Zn,0.39247,-0.6498,-5.8522,-6.6672,-3.81311,-3.2288,-0.717,9.394,0.0,4.85908,0.24125,1.35,0.63675,4.1,7.14,1.38928,1.65,10.0
NNNP-Zr,-1.82748,-2.7471,-2.8313,1.7376,-3.81311,-3.2288,-6.2538,6.634,0.426,4.85908,0.24125,1.55,0.63675,3.4,6.511,1.38928,1.33,2.0
NNNS-Au,-0.19509,-5.2426,-5.9456,-3.2861,-3.73615,-3.2806,-2.4188,9.225,2.309,4.24861,0.573,1.35,0.606,5.15,19.3,1.67181,2.54,10.0
NNNS-Cd,-0.07633,-0.7368,-5.4994,-7.6339,-3.73615,-3.2806,-0.3509,8.994,0.0,4.24861,0.573,1.55,0.606,4.05,8.65,1.67181,1.69,10.0
NNNS-Co,0.68972,-3.9152,-3.9463,-1.6744,-3.73615,-3.2806,-5.1966,7.881,0.66,4.24861,0.573,1.35,0.606,5.1,8.9,1.67181,1.88,7.0
NNNS-Cu,0.25662,-3.9515,-4.7251,-2.3336,-3.73615,-3.2806,-3.0383,7.727,1.227,4.24861,0.573,1.35,0.606,4.55,8.96,1.67181,1.9,10.0
NNNS-Fe,0.56353,-4.2604,-4.3671,-1.1981,-3.73615,-3.2806,-4.8008,7.903,0.163,4.24861,0.573,1.4,0.606,4.93,7.874,1.67181,1.83,6.0
NNNS-Mn,0.11063,-3.4853,-4.3042,-0.5789,-3.73615,-3.2806,-3.1315,7.434,0.0,4.24861,0.573,1.4,0.606,4.45,7.47,1.67181,1.55,5.0
NNNS-Ni,-0.06665,-3.7066,-3.88,-1.5395,-3.73615,-3.2806,-4.4744,7.64,1.16,4.24861,0.573,1.35,0.606,5.2,8.908,1.67181,1.91,8.0
NNNS-Pd,-0.26595,-3.2381,-3.9768,-1.4843,-3.73615,-3.2806,-3.0964,8.337,0.557,4.24861,0.573,1.4,0.606,5.45,12.023,1.67181,2.2,10.0
NNNS-Rh,0.25336,-3.2357,-3.9932,-1.7582,-3.73615,-3.2806,-5.4804,7.459,1.137,4.24861,0.573,1.35,0.606,5.4,12.45,1.67181,2.28,8.0
NNNS-Ru,0.39471,-3.7016,-4.6195,-1.515,-3.73615,-3.2806,-6.5823,7.361,1.05,4.24861,0.573,1.3,0.606,5.4,12.37,1.67181,2.2,7.0
NNNS-Sc,-1.59098,-3.2576,-3.8073,2.2982,-3.73615,-3.2806,-4.1601,6.562,0.188,4.24861,0.573,1.6,0.606,3.25,2.985,1.67181,1.36,1.0
NNNS-Y,-1.65211,-2.4603,-3.602,2.5942,-3.73615,-3.2806,-4.2729,6.22,0.307,4.24861,0.573,1.8,0.606,3.2,4.472,1.67181,1.22,1.0
NNNS-Zn,0.34982,-0.6498,-5.8522,-6.6672,-3.73615,-3.2806,-0.717,9.394,0.0,4.24861,0.573,1.35,0.606,4.1,7.14,1.67181,1.65,10.0
OOOC-Ag,0.66293,-3.8403,-4.5659,-3.7706,-5.80653,-2.9852,-2.0183,7.576,1.302,1.41179,1.49452,1.6,0.49175,4.45,10.49,1.20964,1.93,10.0
OOOC-Cd,-0.20544,-0.7368,-5.4994,-7.6339,-5.80653,-2.9852,-0.3509,8.994,0.0,1.41179,1.49452,1.55,0.49175,4.05,8.65,1.20964,1.69,10.0
OOOC-Cr,-0.30158,-1.6383,-3.5634,-0.0056,-5.80653,-2.9852,-3.5882,6.767,0.666,1.41179,1.49452,1.4,0.49175,4.65,7.19,1.20964,1.66,5.0
OOOC-Fe,-0.14352,-4.2604,-4.3671,-1.1981,-5.80653,-2.9852,-4.8008,7.903,0.163,1.41179,1.49452,1.4,0.49175,4.93,7.874,1.20964,1.83,6.0
OOOC-Mn,-0.59548,-3.4853,-4.3042,-0.5789,-5.80653,-2.9852,-3.1315,7.434,0.0,1.41179,1.49452,1.4,0.49175,4.45,7.47,1.20964,1.55,5.0
OOOC-Ni,0.02669,-3.7066,-3.88,-1.5395,-5.80653,-2.9852,-4.4744,7.64,1.16,1.41179,1.49452,1.35,0.49175,5.2,8.908,1.20964,1.91,8.0
OOOC-Pd,0.02536,-3.2381,-3.9768,-1.4843,-5.80653,-2.9852,-3.0964,8.337,0.557,1.41179,1.49452,1.4,0.49175,5.45,12.023,1.20964,2.2,10.0
OOOC-Ru,-0.2762,-3.7016,-4.6195,-1.515,-5.80653,-2.9852,-6.5823,7.361,1.05,1.41179,1.49452,1.3,0.49175,5.4,12.37,1.20964,2.2,7.0
OOOC-Sc,-2.25399,-3.2576,-3.8073,2.2982,-5.80653,-2.9852,-4.1601,6.562,0.188,1.41179,1.49452,1.6,0.49175,3.25,2.985,1.20964,1.36,1.0
OOOC-Y,-2.1759,-2.4603,-3.602,2.5942,-5.80653,-2.9852,-4.2729,6.22,0.307,1.41179,1.49452,1.8,0.49175,3.2,4.472,1.20964,1.22,1.0
OOOC-Zn,-1.01501,-0.6498,-5.8522,-6.6672,-5.80653,-2.9852,-0.717,9.394,0.0,1.41179,1.49452,1.35,0.49175,4.1,7.14,1.20964,1.65,10.0
OOOB-Ag,0.03745,-3.8403,-4.5659,-3.7706,-5.97808,-2.6771,-2.0183,7.576,1.302,0.85905,1.16493,1.6,0.5405,4.45,10.49,0.43939,1.93,10.0
OOOB-Au,0.2639,-5.2426,-5.9456,-3.2861,-5.97808,-2.6771,-2.4188,9.225,2.309,0.85905,1.16493,1.35,0.5405,5.15,19.3,0.43939,2.54,10.0
OOOB-Co,-0.31193,-3.9152,-3.9463,-1.6744,-5.97808,-2.6771,-5.1966,7.881,0.66,0.85905,1.16493,1.35,0.5405,5.1,8.9,0.43939,1.88,7.0
OOOB-Cr,-0.59463,-1.6383,-3.5634,-0.0056,-5.97808,-2.6771,-3.5882,6.767,0.666,0.85905,1.16493,1.4,0.5405,4.65,7.19,0.43939,1.66,5.0
OOOB-Fe,-0.8687,-4.2604,-4.3671,-1.1981,-5.97808,-2.6771,-4.8008,7.903,0.163,0.85905,1.16493,1.4,0.5405,4.93,7.874,0.43939,1.83,6.0
OOOB-Hg,0.28849,-0.7065,-6.681,-6.1561,-5.97808,-2.6771,0.3374,10.438,0.0,0.85905,1.16493,1.5,0.5405,4.2,13.534,0.43939,2.0,10.0
OOOB-Ir,-0.631,-4.9944,-5.0181,-2.4149,-5.97808,-2.6771,-7.0859,9.12,1.57,0.85905,1.16493,1.35,0.5405,5.55,22.56,0.43939,2.2,7.0
OOOB-Mn,-0.83088,-3.4853,-4.3042,-0.5789,-5.97808,-2.6771,-3.1315,7.434,0.0,0.85905,1.16493,1.4,0.5405,4.45,7.47,0.43939,1.55,5.0
OOOB-Ni,-0.90738,-3.7066,-3.88,-1.5395,-5.97808,-2.6771,-4.4744,7.64,1.16,0.85905,1.16493,1.35,0.5405,5.2,8.908,0.43939,1.91,8.0
OOOB-Pd,0.02978,-3.2381,-3.9768,-1.4843,-5.97808,-2.6771,-3.0964,8.337,0.557,0.85905,1.16493,1.4,0.5405,5.45,12.023,0.43939,2.2,10.0
OOOB-Rh,-0.635,-3.2357,-3.9932,-1.7582,-5.97808,-2.6771,-5.4804,7.459,1.137,0.85905,1.16493,1.35,0.5405,5.4,12.45,0.43939,2.28,8.0
OOOB-Ru,-0.91032,-3.7016,-4.6195,-1.515,-5.97808,-2.6771,-6.5823,7.361,1.05,0.85905,1.16493,1.3,0.5405,5.4,12.37,0.43939,2.2,7.0
OOOB-Sc,-2.00268,-3.2576,-3.8073,2.2982,-5.97808,-2.6771,-4.1601,6.562,0.188,0.85905,1.16493,1.6,0.5405,3.25,2.985,0.43939,1.36,1.0
OOOB-Y,-1.72468,-2.4603,-3.602,2.5942,-5.97808,-2.6771,-4.2729,6.22,0.307,0.85905,1.16493,1.8,0.5405,3.2,4.472,0.43939,1.22,1.0
OOOB-Zn,-0.71767,-0.6498,-5.8522,-6.6672,-5.97808,-2.6771,-0.717,9.394,0.0,0.85905,1.16493,1.35,0.5405,4.1,7.14,0.43939,1.65,10.0
OOOB-Zr,-2.21468,-2.7471,-2.8313,1.7376,-5.97808,-2.6771,-6.2538,6.634,0.426,0.85905,1.16493,1.55,0.5405,3.4,6.511,0.43939,1.33,2.0
OOON-Ag,0.23989,-3.8403,-4.5659,-3.7706,-5.62444,-3.2219,-2.0183,7.576,1.302,-0.5762,1.114,1.6,0.4615,4.45,10.49,1.92982,1.93,10.0
OOON-Au,-0.15946,-5.2426,-5.9456,-3.2861,-5.62444,-3.2219,-2.4188,9.225,2.309,-0.5762,1.114,1.35,0.4615,5.15,19.3,1.92982,2.54,10.0
OOON-Cd,0.42259,-0.7368,-5.4994,-7.6339,-5.62444,-3.2219,-0.3509,8.994,0.0,-0.5762,1.114,1.55,0.4615,4.05,8.65,1.92982,1.69,10.0
OOON-Co,-0.14984,-3.9152,-3.9463,-1.6744,-5.62444,-3.2219,-5.1966,7.881,0.66,-0.5762,1.114,1.35,0.4615,5.1,8.9,1.92982,1.88,7.0
OOON-Cr,-0.45685,-1.6383,-3.5634,-0.0056,-5.62444,-3.2219,-3.5882,6.767,0.666,-0.5762,1.114,1.4,0.4615,4.65,7.19,1.92982,1.66,5.0
OOON-Cu,-0.34732,-3.9515,-4.7251,-2.3336,-5.62444,-3.2219,-3.0383,7.727,1.227,-0.5762,1.114,1.35,0.4615,4.55,8.96,1.92982,1.9,10.0
OOON-Fe,-0.90455,-4.2604,-4.3671,-1.1981,-5.62444,-3.2219,-4.8008,7.903,0.163,-0.5762,1.114,1.4,0.4615,4.93,7.874,1.92982,1.83,6.0
OOON-Ir,0.20026,-4.9944,-5.0181,-2.4149,-5.62444,-3.2219,-7.0859,9.12,1.57,-0.5762,1.114,1.35,0.4615,5.55,22.56,1.92982,2.2,7.0
OOON-Mn,-1.28829,-3.4853,-4.3042,-0.5789,-5.62444,-3.2219,-3.1315,7.434,0.0,-0.5762,1.114,1.4,0.4615,4.45,7.47,1.92982,1.55,5.0
OOON-Ru,0.44371,-3.7016,-4.6195,-1.515,-5.62444,-3.2219,-6.5823,7.361,1.05,-0.5762,1.114,1.3,0.4615,5.4,12.37,1.92982,2.2,7.0
OOON-Zn,-0.21791,-0.6498,-5.8522,-6.6672,-5.62444,-3.2219,-0.717,9.394,0.0,-0.5762,1.114,1.35,0.4615,4.1,7.14,1.92982,1.65,10.0
OOOP-Ag,0.4595,-3.8403,-4.5659,-3.7706,-5.83091,-2.9214,-2.0183,7.576,1.302,0.85569,1.28225,1.6,0.57525,4.45,10.49,0.55452,1.93,10.0
OOOP-Cd,0.55697,-0.7368,-5.4994,-7.6339,-5.83091,-2.9214,-0.3509,8.994,0.0,0.85569,1.28225,1.55,0.57525,4.05,8.65,0.55452,1.69,10.0
OOOP-Co,0.01397,-3.9152,-3.9463,-1.6744,-5.83091,-2.9214,-5.1966,7.881,0.66,0.85569,1.28225,1.35,0.57525,5.1,8.9,0.55452,1.88,7.0
OOOP-Fe,-0.79609,-4.2604,-4.3671,-1.1981,-5.83091,-2.9214,-4.8008,7.903,0.163,0.85569,1.28225,1.4,0.57525,4.93,7.874,0.55452,1.83,6.0
OOOP-Hg,-0.10444,-0.7065,-6.681,-6.1561,-5.83091,-2.9214,0.3374,10.438,0.0,0.85569,1.28225,1.5,0.57525,4.2,13.534,0.55452,2.0,10.0
OOOP-Ir,-1.38362,-4.9944,-5.0181,-2.4149,-5.83091,-2.9214,-7.0859,9.12,1.57,0.85569,1.28225,1.35,0.57525,5.55,22.56,0.55452,2.2,7.0
OOOP-Ni,-0.32122,-3.7066,-3.88,-1.5395,-5.83091,-2.9214,-4.4744,7.64,1.16,0.85569,1.28225,1.35,0.57525,5.2,8.908,0.55452,1.91,8.0
OOOP-Pt,-0.31227,-4.9378,-5.5279,-2.3468,-5.83091,-2.9214,-4.9436,9.02,2.128,0.85569,1.28225,1.35,0.57525,5.65,21.45,0.55452,2.28,9.0
OOOP-Y,-2.13387,-2.4603,-3.602,2.5942,-5.83091,-2.9214,-4.2729,6.22,0.307,0.85569,1.28225,1.8,0.57525,3.2,4.472,0.55452,1.22,1.0
OOOP-Zn,0.03975,-0.6498,-5.8522,-6.6672,-5.83091,-2.9214,-0.717,9.394,0.0,0.85569,1.28225,1.35,0.57525,4.1,7.14,0.55452,1.65,10.0
OOOS-Cd,-0.52661,-0.7368,-5.4994,-7.6339,-6.02591,-2.7457,-0.3509,8.994,0.0,0.22221,1.614,1.55,0.5445,4.05,8.65,0.81611,1.69,10.0
OOOS-Co,0.45619,-3.9152,-3.9463,-1.6744,-6.02591,-2.7457,-5.1966,7.881,0.66,0.22221,1.614,1.35,0.5445,5.1,8.9,0.81611,1.88,7.0
OOOS-Fe,-0.93558,-4.2604,-4.3671,-1.1981,-6.02591,-2.7457,-4.8008,7.903,0.163,0.22221,1.614,1.4,0.5445,4.93,7.874,0.81611,1.83,6.0
OOOS-Os,-0.93035,-4.6506,-5.2144,-1.7538,-6.02591,-2.7457,-7.8962,8.71,1.1,0.22221,1.614,1.3,0.5445,5.4,22.59,0.81611,2.2,6.0
OOOS-Rh,-1.57757,-3.2357,-3.9932,-1.7582,-6.02591,-2.7457,-5.4804,7.459,1.137,0.22221,1.614,1.35,0.5445,5.4,12.45,0.81611,2.28,8.0
OOOS-Zn,0.3817,-0.6498,-5.8522,-6.6672,-6.02591,-2.7457,-0.717,9.394,0.0,0.22221,1.614,1.35,0.5445,4.1,7.14,0.81611,1.65,10.0
BBBB-Ag,0.5981,-3.8403,-4.5659,-3.7706,0.15724,-4.2729,-2.0183,7.576,1.302,7.63518,0.27673,1.6,0.839,4.45,10.49,-2.08311,1.93,10.0
BBBB-Au,0.73952,-5.2426,-5.9456,-3.2861,0.15724,-4.2729,-2.4188,9.225,2.309,7.63518,0.27673,1.35,0.839,5.15,19.3,-2.08311,2.54,10.0
BBBB-Co,-0.14393,-3.9152,-3.9463,-1.6744,0.15724,-4.2729,-5.1966,7.881,0.66,7.63518,0.27673,1.35,0.839,5.1,8.9,-2.08311,1.88,7.0
BBBB-Cr,-0.79272,-1.6383,-3.5634,-0.0056,0.15724,-4.2729,-3.5882,6.767,0.666,7.63518,0.27673,1.4,0.839,4.65,7.19,-2.08311,1.66,5.0
BBBB-Cu,0.82833,-3.9515,-4.7251,-2.3336,0.15724,-4.2729,-3.0383,7.727,1.227,7.63518,0.27673,1.35,0.839,4.55,8.96,-2.08311,1.9,10.0
BBBB-Fe,-0.34768,-4.2604,-4.3671,-1.1981,0.15724,-4.2729,-4.8008,7.903,0.163,7.63518,0.27673,1.4,0.839,4.93,7.874,-2.08311,1.83,6.0
BBBB-Hf,-2.26793,-2.9349,-4.3792,2.1396,0.15724,-4.2729,-6.4029,6.825,0.0,7.63518,0.27673,1.55,0.839,3.55,13.31,-2.08311,1.3,2.0
BBBB-Hg,0.65631,-0.7065,-6.681,-6.1561,0.15724,-4.2729,0.3374,10.438,0.0,7.63518,0.27673,1.5,0.839,4.2,13.534,-2.08311,2.0,10.0
BBBB-Ir,-0.34582,-4.9944,-5.0181,-2.4149,0.15724,-4.2729,-7.0859,9.12,1.57,7.63518,0.27673,1.35,0.839,5.55,22.56,-2.08311,2.2,7.0
BBBB-Mn,-0.56251,-3.4853,-4.3042,-0.5789,0.15724,-4.2729,-3.1315,7.434,0.0,7.63518,0.27673,1.4,0.839,4.45,7.47,-2.08311,1.55,5.0
BBBB-Ni,0.48884,-3.7066,-3.88,-1.5395,0.15724,-4.2729,-4.4744,7.64,1.16,7.63518,0.27673,1.35,0.839,5.2,8.908,-2.08311,1.91,8.0
BBBB-Os,-0.62927,-4.6506,-5.2144,-1.7538,0.15724,-4.2729,-7.8962,8.71,1.1,7.63518,0.27673,1.3,0.839,5.4,22.59,-2.08311,2.2,6.0
BBBB-Pd,0.69998,-3.2381,-3.9768,-1.4843,0.15724,-4.2729,-3.0964,8.337,0.557,7.63518,0.27673,1.4,0.839,5.45,12.023,-2.08311,2.2,10.0
BBBB-Pt,0.30097,-4.9378,-5.5279,-2.3468,0.15724,-4.2729,-4.9436,9.02,2.128,7.63518,0.27673,1.35,0.839,5.65,21.45,-2.08311,2.28,9.0
BBBB-Rh,0.15023,-3.2357,-3.9932,-1.7582,0.15724,-4.2729,-5.4804,7.459,1.137,7.63518,0.27673,1.35,0.839,5.4,12.45,-2.08311,2.28,8.0
BBBB-Sc,-1.51967,-3.2576,-3.8073,2.2982,0.15724,-4.2729,-4.1601,6.562,0.188,7.63518,0.27673,1.6,0.839,3.25,2.985,-2.08311,1.36,1.0
BBBB-Tc,-0.42974,-3.0741,-4.8318,-0.4865,0.15724,-4.2729,-6.4378,7.28,0.55,7.63518,0.27673,1.35,0.839,5.3,11.5,-2.08311,1.9,5.0
BBBB-Ti,-1.61021,-2.8395,-2.8715,1.57,0.15724,-4.2729,-5.4049,6.828,0.079,7.63518,0.27673,1.4,0.839,3.65,4.507,-2.08311,1.54,2.0
BBBB-Y,-1.42181,-2.4603,-3.602,2.5942,0.15724,-4.2729,-4.2729,6.22,0.307,7.63518,0.27673,1.8,0.839,3.2,4.472,-2.08311,1.22,1.0
BBBB-Zn,-0.15879,-0.6498,-5.8522,-6.6672,0.15724,-4.2729,-0.717,9.394,0.0,7.63518,0.27673,1.35,0.839,4.1,7.14,-2.08311,1.65,10.0
BBBB-Zr,-1.85684,-2.7471,-2.8313,1.7376,0.15724,-4.2729,-6.2538,6.634,0.426,7.63518,0.27673,1.55,0.839,3.4,6.511,-2.08311,1.33,2.0
CCCC-Ag,-0.41755,-3.8403,-4.5659,-3.7706,-2.02232,-3.8438,-2.0183,7.576,1.302,8.77596,1.59506,1.6,0.644,4.45,10.49,0.26549,1.93,10.0
CCCC-Au,-0.37705,-5.2426,-5.9456,-3.2861,-2.02232,-3.8438,-2.4188,9.225,2.309,8.77596,1.59506,1.35,0.644,5.15,19.3,0.26549,2.54,10.0
CCCC-Co,0.39803,-3.9152,-3.9463,-1.6744,-2.02232,-3.8438,-5.1966,7.881,0.66,8.77596,1.59506,1.35,0.644,5.1,8.9,0.26549,1.88,7.0
CCCC-Cr,-0.89936,-1.6383,-3.5634,-0.0056,-2.02232,-3.8438,-3.5882,6.767,0.666,8.77596,1.59506,1.4,0.644,4.65,7.19,0.26549,1.66,5.0
CCCC-Cu,-0.37094,-3.9515,-4.7251,-2.3336,-2.02232,-3.8438,-3.0383,7.727,1.227,8.77596,1.59506,1.35,0.644,4.55,8.96,0.26549,1.9,10.0
CCCC-Fe,0.14172,-4.2604,-4.3671,-1.1981,-2.02232,-3.8438,-4.8008,7.903,0.163,8.77596,1.59506,1.4,0.644,4.93,7.874,0.26549,1.83,6.0
CCCC-Hf,-1.40512,-2.9349,-4.3792,2.1396,-2.02232,-3.8438,-6.4029,6.825,0.0,8.77596,1.59506,1.55,0.644,3.55,13.31,0.26549,1.3,2.0
CCCC-Hg,-0.42657,-0.7065,-6.681,-6.1561,-2.02232,-3.8438,0.3374,10.438,0.0,8.77596,1.59506,1.5,0.644,4.2,13.534,0.26549,2.0,10.0
CCCC-Ir,-0.09061,-4.9944,-5.0181,-2.4149,-2.02232,-3.8438,-7.0859,9.12,1.57,8.77596,1.59506,1.35,0.644,5.55,22.56,0.26549,2.2,7.0
CCCC-Mn,-0.19755,-3.4853,-4.3042,-0.5789,-2.02232,-3.8438,-3.1315,7.434,0.0,8.77596,1.59506,1.4,0.644,4.45,7.47,0.26549,1.55,5.0
CCCC-Mo,-1.1542,-1.7437,-4.5378,-0.1961,-2.02232,-3.8438,-5.705,7.092,0.745,8.77596,1.59506,1.45,0.644,4.65,10.28,0.26549,2.16,5.0
CCCC-Pd,0.47255,-3.2381,-3.9768,-1.4843,-2.02232,-3.8438,-3.0964,8.337,0.557,8.77596,1.59506,1.4,0.644,5.45,12.023,0.26549,2.2,10.0
CCCC-Pt,0.51138,-4.9378,-5.5279,-2.3468,-2.02232,-3.8438,-4.9436,9.02,2.128,8.77596,1.59506,1.35,0.644,5.65,21.45,0.26549,2.28,9.0
CCCC-Rh,0.34289,-3.2357,-3.9932,-1.7582,-2.02232,-3.8438,-5.4804,7.459,1.137,8.77596,1.59506,1.35,0.644,5.4,12.45,0.26549,2.28,8.0
CCCC-Ru,-0.25693,-3.7016,-4.6195,-1.515,-2.02232,-3.8438,-6.5823,7.361,1.05,8.77596,1.59506,1.3,0.644,5.4,12.37,0.26549,2.2,7.0
CCCC-Sc,-0.53079,-3.2576,-3.8073,2.2982,-2.02232,-3.8438,-4.1601,6.562,0.188,8.77596,1.59506,1.6,0.644,3.25,2.985,0.26549,1.36,1.0
CCCC-Ta,-2.0766,-2.3395,-4.1118,1.7577,-2.02232,-3.8438,-7.9459,7.89,0.32,8.77596,1.59506,1.45,0.644,4.05,16.65,0.26549,1.5,3.0
CCCC-Ti,-1.1284,-2.8395,-2.8715,1.57,-2.02232,-3.8438,-5.4049,6.828,0.079,8.77596,1.59506,1.4,0.644,3.65,4.507,0.26549,1.54,2.0
CCCC-V,-1.387,-1.7318,-2.8683,1.1689,-2.02232,-3.8438,-5.0589,6.746,0.524,8.77596,1.59506,1.35,0.644,4.25,6.11,0.26549,1.63,3.0
CCCC-W,-1.58501,-2.6786,-4.0064,0.0262,-2.02232,-3.8438,-7.7397,7.98,0.815,8.77596,1.59506,1.35,0.644,4.8,19.25,0.26549,2.36,4.0
CCCC-Y,-0.58081,-2.4603,-3.602,2.5942,-2.02232,-3.8438,-4.2729,6.22,0.307,8.77596,1.59506,1.8,0.644,3.2,4.472,0.26549,1.22,1.0
CCCC-Zn,-0.01118,-0.6498,-5.8522,-6.6672,-2.02232,-3.8438,-0.717,9.394,0.0,8.77596,1.59506,1.35,0.644,4.1,7.14,0.26549,1.65,10.0
CCCC-Zr,-1.02534,-2.7471,-2.8313,1.7376,-2.02232,-3.8438,-6.2538,6.634,0.426,8.77596,1.59506,1.55,0.644,3.4,6.511,0.26549,1.33,2.0
NNNN-Ag,-0.21973,-3.8403,-4.5659,-3.7706,-3.42378,-4.0205,-2.0183,7.576,1.302,4.05441,0.073,1.6,0.523,4.45,10.49,2.77857,1.93,10.0
NNNN-Au,-0.1887,-5.2426,-5.9456,-3.2861,-3.42378,-4.0205,-2.4188,9.225,2.309,4.05441,0.073,1.35,0.523,5.15,19.3,2.77857,2.54,10.0
NNNN-Co,0.7201,-3.9152,-3.9463,-1.6744,-3.42378,-4.0205,-5.1966,7.881,0.66,4.05441,0.073,1.35,0.523,5.1,8.9,2.77857,1.88,7.0
NNNN-Cr,-0.14051,-1.6383,-3.5634,-0.0056,-3.42378,-4.0205,-3.5882,6.767,0.666,4.05441,0.073,1.4,0.523,4.65,7.19,2.77857,1.66,5.0
NNNN-Cu,-0.00359,-3.9515,-4.7251,-2.3336,-3.42378,-4.0205,-3.0383,7.727,1.227,4.05441,0.073,1.35,0.523,4.55,8.96,2.77857,1.9,10.0
NNNN-Fe,0.62247,-4.2604,-4.3671,-1.1981,-3.42378,-4.0205,-4.8008,7.903,0.163,4.05441,0.073,1.4,0.523,4.93,7.874,2.77857,1.83,6.0
NNNN-Hf,-2.72801,-2.9349,-4.3792,2.1396,-3.42378,-4.0205,-6.4029,6.825,0.0,4.05441,0.073,1.55,0.523,3.55,13.31,2.77857,1.3,2.0
NNNN-Hg,0.39254,-0.7065,-6.681,-6.1561,-3.42378,-4.0205,0.3374,10.438,0.0,4.05441,0.073,1.5,0.523,4.2,13.534,2.77857,2.0,10.0
NNNN-Ir,0.67301,-4.9944,-5.0181,-2.4149,-3.42378,-4.0205,-7.0859,9.12,1.57,4.05441,0.073,1.35,0.523,5.55,22.56,2.77857,2.2,7.0
NNNN-Mn,0.47816,-3.4853,-4.3042,-0.5789,-3.42378,-4.0205,-3.1315,7.434,0.0,4.05441,0.073,1.4,0.523,4.45,7.47,2.77857,1.55,5.0
NNNN-Ni,-0.15727,-3.7066,-3.88,-1.5395,-3.42378,-4.0205,-4.4744,7.64,1.16,4.05441,0.073,1.35,0.523,5.2,8.908,2.77857,1.91,8.0
NNNN-Os,-0.09702,-4.6506,-5.2144,-1.7538,-3.42378,-4.0205,-7.8962,8.71,1.1,4.05441,0.073,1.3,0.523,5.4,22.59,2.77857,2.2,6.0
NNNN-Pd,-0.29523,-3.2381,-3.9768,-1.4843,-3.42378,-4.0205,-3.0964,8.337,0.557,4.05441,0.073,1.4,0.523,5.45,12.023,2.77857,2.2,10.0
NNNN-Pt,-0.51871,-4.9378,-5.5279,-2.3468,-3.42378,-4.0205,-4.9436,9.02,2.128,4.05441,0.073,1.35,0.523,5.65,21.45,2.77857,2.28,9.0
NNNN-Rh,0.73827,-3.2357,-3.9932,-1.7582,-3.42378,-4.0205,-5.4804,7.459,1.137,4.05441,0.073,1.35,0.523,5.4,12.45,2.77857,2.28,8.0
NNNN-Ru,0.08816,-3.7016,-4.6195,-1.515,-3.42378,-4.0205,-6.5823,7.361,1.05,4.05441,0.073,1.3,0.523,5.4,12.37,2.77857,2.2,7.0
NNNN-Sc,-1.73357,-3.2576,-3.8073,2.2982,-3.42378,-4.0205,-4.1601,6.562,0.188,4.05441,0.073,1.6,0.523,3.25,2.985,2.77857,1.36,1.0
NNNN-Ti,-2.0157,-2.8395,-2.8715,1.57,-3.42378,-4.0205,-5.4049,6.828,0.079,4.05441,0.073,1.4,0.523,3.65,4.507,2.77857,1.54,2.0
NNNN-Y,-1.51453,-2.4603,-3.602,2.5942,-3.42378,-4.0205,-4.2729,6.22,0.307,4.05441,0.073,1.8,0.523,3.2,4.472,2.77857,1.22,1.0
NNNN-Zn,0.71813,-0.6498,-5.8522,-6.6672,-3.42378,-4.0205,-0.717,9.394,0.0,4.05441,0.073,1.35,0.523,4.1,7.14,2.77857,1.65,10.0
NNNN-Zr,-2.43927,-2.7471,-2.8313,1.7376,-3.42378,-4.0205,-6.2538,6.634,0.426,4.05441,0.073,1.55,0.523,3.4,6.511,2.77857,1.33,2.0
PPPP-Ag,0.63901,-3.8403,-4.5659,-3.7706,-3.41624,-3.1029,-2.0183,7.576,1.302,8.58754,0.746,1.6,0.978,4.45,10.49,-2.85929,1.93,10.0
PPPP-Au,0.38059,-5.2426,-5.9456,-3.2861,-3.41624,-3.1029,-2.4188,9.225,2.309,8.58754,0.746,1.35,0.978,5.15,19.3,-2.85929,2.54,10.0
PPPP-Cd,0.90246,-0.7368,-5.4994,-7.6339,-3.41624,-3.1029,-0.3509,8.994,0.0,8.58754,0.746,1.55,0.978,4.05,8.65,-2.85929,1.69,10.0
PPPP-Co,0.66402,-3.9152,-3.9463,-1.6744,-3.41624,-3.1029,-5.1966,7.881,0.66,8.58754,0.746,1.35,0.978,5.1,8.9,-2.85929,1.88,7.0
PPPP-Cu,-0.04763,-3.9515,-4.7251,-2.3336,-3.41624,-3.1029,-3.0383,7.727,1.227,8.58754,0.746,1.35,0.978,4.55,8.96,-2.85929,1.9,10.0
PPPP-Fe,0.3152,-4.2604,-4.3671,-1.1981,-3.41624,-3.1029,-4.8008,7.903,0.163,8.58754,0.746,1.4,0.978,4.93,7.874,-2.85929,1.83,6.0
PPPP-Ni,0.41767,-3.7066,-3.88,-1.5395,-3.41624,-3.1029,-4.4744,7.64,1.16,8.58754,0.746,1.35,0.978,5.2,8.908,-2.85929,1.91,8.0
PPPP-Pd,0.43335,-3.2381,-3.9768,-1.4843,-3.41624,-3.1029,-3.0964,8.337,0.557,8.58754,0.746,1.4,0.978,5.45,12.023,-2.85929,2.2,10.0
PPPP-Pt,-0.20053,-4.9378,-5.5279,-2.3468,-3.41624,-3.1029,-4.9436,9.02,2.128,8.58754,0.746,1.35,0.978,5.65,21.45,-2.85929,2.28,9.0
PPPP-Ru,0.63733,-3.7016,-4.6195,-1.515,-3.41624,-3.1029,-6.5823,7.361,1.05,8.58754,0.746,1.3,0.978,5.4,12.37,-2.85929,2.2,7.0
PPPP-Zn,0.01232,-0.6498,-5.8522,-6.6672,-3.41624,-3.1029,-0.717,9.394,0.0,8.58754,0.746,1.35,0.978,4.1,7.14,-2.85929,1.65,10.0
PPPP-Zr,-1.09774,-2.7471,-2.8313,1.7376,-3.41624,-3.1029,-6.2538,6.634,0.426,8.58754,0.746,1.55,0.978,3.4,6.511,-2.85929,1.33,2.0
OOOO-Ag,0.49617,-3.8403,-4.5659,-3.7706,-6.21451,-2.8635,-2.0183,7.576,1.302,-1.9752,1.461,1.6,0.441,4.45,10.49,1.6148,1.93,10.0
OOOO-Cd,-0.78011,-0.7368,-5.4994,-7.6339,-6.21451,-2.8635,-0.3509,8.994,0.0,-1.9752,1.461,1.55,0.441,4.05,8.65,1.6148,1.69,10.0
OOOO-Co,-0.45155,-3.9152,-3.9463,-1.6744,-6.21451,-2.8635,-5.1966,7.881,0.66,-1.9752,1.461,1.35,0.441,5.1,8.9,1.6148,1.88,7.0
OOOO-Cu,-0.69706,-3.9515,-4.7251,-2.3336,-6.21451,-2.8635,-3.0383,7.727,1.227,-1.9752,1.461,1.35,0.441,4.55,8.96,1.6148,1.9,10.0
OOOO-Ir,0.19024,-4.9944,-5.0181,-2.4149,-6.21451,-2.8635,-7.0859,9.12,1.57,-1.9752,1.461,1.35,0.441,5.55,22.56,1.6148,2.2,7.0
OOOO-Ni,-1.07604,-3.7066,-3.88,-1.5395,-6.21451,-2.8635,-4.4744,7.64,1.16,-1.9752,1.461,1.35,0.441,5.2,8.908,1.6148,1.91,8.0
OOOO-Pd,0.4252,-3.2381,-3.9768,-1.4843,-6.21451,-2.8635,-3.0964,8.337,0.557,-1.9752,1.461,1.4,0.441,5.45,12.023,1.6148,2.2,10.0
OOOO-Pt,-0.64318,-4.9378,-5.5279,-2.3468,-6.21451,-2.8635,-4.9436,9.02,2.128,-1.9752,1.461,1.35,0.441,5.65,21.45,1.6148,2.28,9.0
OOOO-Zn,0.03251,-0.6498,-5.8522,-6.6672,-6.21451,-2.8635,-0.717,9.394,0.0,-1.9752,1.461,1.35,0.441,4.1,7.14,1.6148,1.65,10.0
SSSS-Ag,0.35466,-3.8403,-4.5659,-3.7706,-4.88394,-2.4346,-2.0183,7.576,1.302,10.72213,2.073,1.6,0.855,4.45,10.49,-1.80417,1.93,10.0
SSSS-Co,0.12753,-3.9152,-3.9463,-1.6744,-4.88394,-2.4346,-5.1966,7.881,0.66,10.72213,2.073,1.35,0.855,5.1,8.9,-1.80417,1.88,7.0
SSSS-Fe,0.65871,-4.2604,-4.3671,-1.1981,-4.88394,-2.4346,-4.8008,7.903,0.163,10.72213,2.073,1.4,0.855,4.93,7.874,-1.80417,1.83,6.0
SSSS-Hg,-0.62274,-0.7065,-6.681,-6.1561,-4.88394,-2.4346,0.3374,10.438,0.0,10.72213,2.073,1.5,0.855,4.2,13.534,-1.80417,2.0,10.0
SSSS-Ir,0.22083,-4.9944,-5.0181,-2.4149,-4.88394,-2.4346,-7.0859,9.12,1.57,10.72213,2.073,1.35,0.855,5.55,22.56,-1.80417,2.2,7.0
SSSS-Rh,-0.05709,-3.2357,-3.9932,-1.7582,-4.88394,-2.4346,-5.4804,7.459,1.137,10.72213,2.073,1.35,0.855,5.4,12.45,-1.80417,2.28,8.0
SSSS-Zn,0.85685,-0.6498,-5.8522,-6.6672,-4.88394,-2.4346,-0.717,9.394,0.0,10.72213,2.073,1.35,0.855,4.1,7.14,-1.80417,1.65,10.0
NNCO-1-Ag,0.7043,-3.8403,-4.5659,-3.7706,-4.24302,-3.4242,-2.0183,7.576,1.302,4.32772,0.8004,1.6,0.53275,4.45,10.49,1.82513,1.93,10.0
NNCO-1-Au,0.45109,-5.2426,-5.9456,-3.2861,-4.24302,-3.4242,-2.4188,9.225,2.309,4.32772,0.8004,1.35,0.53275,5.15,19.3,1.82513,2.54,10.0
NNCO-1-Cd,0.42029,-0.7368,-5.4994,-7.6339,-4.24302,-3.4242,-0.3509,8.994,0.0,4.32772,0.8004,1.55,0.53275,4.05,8.65,1.82513,1.69,10.0
NNCO-1-Co,0.76582,-3.9152,-3.9463,-1.6744,-4.24302,-3.4242,-5.1966,7.881,0.66,4.32772,0.8004,1.35,0.53275,5.1,8.9,1.82513,1.88,7.0
NNCO-1-Cr,-0.23615,-1.6383,-3.5634,-0.0056,-4.24302,-3.4242,-3.5882,6.767,0.666,4.32772,0.8004,1.4,0.53275,4.65,7.19,1.82513,1.66,5.0
NNCO-1-Cu,0.30862,-3.9515,-4.7251,-2.3336,-4.24302,-3.4242,-3.0383,7.727,1.227,4.32772,0.8004,1.35,0.53275,4.55,8.96,1.82513,1.9,10.0
NNCO-1-Fe,0.35245,-4.2604,-4.3671,-1.1981,-4.24302,-3.4242,-4.8008,7.903,0.163,4.32772,0.8004,1.4,0.53275,4.93,7.874,1.82513,1.83,6.0
NNCO-1-Hg,0.16029,-0.7065,-6.681,-6.1561,-4.24302,-3.4242,0.3374,10.438,0.0,4.32772,0.8004,1.5,0.53275,4.2,13.534,1.82513,2.0,10.0
NNCO-1-Ir,0.40274,-4.9944,-5.0181,-2.4149,-4.24302,-3.4242,-7.0859,9.12,1.57,4.32772,0.8004,1.35,0.53275,5.55,22.56,1.82513,2.2,7.0
NNCO-1-Mn,0.02329,-3.4853,-4.3042,-0.5789,-4.24302,-3.4242,-3.1315,7.434,0.0,4.32772,0.8004,1.4,0.53275,4.45,7.47,1.82513,1.55,5.0
NNCO-1-Ni,0.05005,-3.7066,-3.88,-1.5395,-4.24302,-3.4242,-4.4744,7.64,1.16,4.32772,0.8004,1.35,0.53275,5.2,8.908,1.82513,1.91,8.0
NNCO-1-Pd,-0.24899,-3.2381,-3.9768,-1.4843,-4.24302,-3.4242,-3.0964,8.337,0.557,4.32772,0.8004,1.4,0.53275,5.45,12.023,1.82513,2.2,10.0
NNCO-1-Pt,-0.32114,-4.9378,-5.5279,-2.3468,-4.24302,-3.4242,-4.9436,9.02,2.128,4.32772,0.8004,1.35,0.53275,5.65,21.45,1.82513,2.28,9.0
NNCO-1-Rh,0.83793,-3.2357,-3.9932,-1.7582,-4.24302,-3.4242,-5.4804,7.459,1.137,4.32772,0.8004,1.35,0.53275,5.4,12.45,1.82513,2.28,8.0
NNCO-1-Ru,-0.12147,-3.7016,-4.6195,-1.515,-4.24302,-3.4242,-6.5823,7.361,1.05,4.32772,0.8004,1.3,0.53275,5.4,12.37,1.82513,2.2,7.0
NNCO-1-Sc,-1.76939,-3.2576,-3.8073,2.2982,-4.24302,-3.4242,-4.1601,6.562,0.188,4.32772,0.8004,1.6,0.53275,3.25,2.985,1.82513,1.36,1.0
NNCO-1-Ti,-2.1266,-2.8395,-2.8715,1.57,-4.24302,-3.4242,-5.4049,6.828,0.079,4.32772,0.8004,1.4,0.53275,3.65,4.507,1.82513,1.54,2.0
NNCO-1-Y,-1.61179,-2.4603,-3.602,2.5942,-4.24302,-3.4242,-4.2729,6.22,0.307,4.32772,0.8004,1.8,0.53275,3.2,4.472,1.82513,1.22,1.0
NNCO-1-Zn,0.64175,-0.6498,-5.8522,-6.6672,-4.24302,-3.4242,-0.717,9.394,0.0,4.32772,0.8004,1.35,0.53275,4.1,7.14,1.82513,1.65,10.0
NNCO-1-Zr,-2.43517,-2.7471,-2.8313,1.7376,-4.24302,-3.4242,-6.2538,6.634,0.426,4.32772,0.8004,1.55,0.53275,3.4,6.511,1.82513,1.33,2.0
NNCP-1-Ag,0.62494,-3.8403,-4.5659,-3.7706,-3.57081,-3.3141,-2.0183,7.576,1.302,4.79915,0.62161,1.6,0.667,4.45,10.49,0.591,1.93,10.0
NNCP-1-Au,-0.25539,-5.2426,-5.9456,-3.2861,-3.57081,-3.3141,-2.4188,9.225,2.309,4.79915,0.62161,1.35,0.667,5.15,19.3,0.591,2.54,10.0
NNCP-1-Cd,0.02242,-0.7368,-5.4994,-7.6339,-3.57081,-3.3141,-0.3509,8.994,0.0,4.79915,0.62161,1.55,0.667,4.05,8.65,0.591,1.69,10.0
NNCP-1-Co,0.35896,-3.9152,-3.9463,-1.6744,-3.57081,-3.3141,-5.1966,7.881,0.66,4.79915,0.62161,1.35,0.667,5.1,8.9,0.591,1.88,7.0
NNCP-1-Cu,-0.10836,-3.9515,-4.7251,-2.3336,-3.57081,-3.3141,-3.0383,7.727,1.227,4.79915,0.62161,1.35,0.667,4.55,8.96,0.591,1.9,10.0
NNCP-1-Fe,0.02633,-4.2604,-4.3671,-1.1981,-3.57081,-3.3141,-4.8008,7.903,0.163,4.79915,0.62161,1.4,0.667,4.93,7.874,0.591,1.83,6.0
NNCP-1-Hf,-2.10644,-2.9349,-4.3792,2.1396,-3.57081,-3.3141,-6.4029,6.825,0.0,4.79915,0.62161,1.55,0.667,3.55,13.31,0.591,1.3,2.0
NNCP-1-Hg,-0.14045,-0.7065,-6.681,-6.1561,-3.57081,-3.3141,0.3374,10.438,0.0,4.79915,0.62161,1.5,0.667,4.2,13.534,0.591,2.0,10.0
NNCP-1-Ir,0.64356,-4.9944,-5.0181,-2.4149,-3.57081,-3.3141,-7.0859,9.12,1.57,4.79915,0.62161,1.35,0.667,5.55,22.56,0.591,2.2,7.0
NNCP-1-Mn,-0.12954,-3.4853,-4.3042,-0.5789,-3.57081,-3.3141,-3.1315,7.434,0.0,4.79915,0.62161,1.4,0.667,4.45,7.47,0.591,1.55,5.0
NNCP-1-Ni,0.65304,-3.7066,-3.88,-1.5395,-3.57081,-3.3141,-4.4744,7.64,1.16,4.79915,0.62161,1.35,0.667,5.2,8.908,0.591,1.91,8.0
NNCP-1-Pd,0.44553,-3.2381,-3.9768,-1.4843,-3.57081,-3.3141,-3.0964,8.337,0.557,4.79915,0.62161,1.4,0.667,5.45,12.023,0.591,2.2,10.0
NNCP-1-Pt,0.47509,-4.9378,-5.5279,-2.3468,-3.57081,-3.3141,-4.9436,9.02,2.128,4.79915,0.62161,1.35,0.667,5.65,21.45,0.591,2.28,9.0
NNCP-1-Rh,0.74831,-3.2357,-3.9932,-1.7582,-3.57081,-3.3141,-5.4804,7.459,1.137,4.79915,0.62161,1.35,0.667,5.4,12.45,0.591,2.28,8.0
NNCP-1-Ru,-0.00972,-3.7016,-4.6195,-1.515,-3.57081,-3.3141,-6.5823,7.361,1.05,4.79915,0.62161,1.3,0.667,5.4,12.37,0.591,2.2,7.0
NNCP-1-Sc,-1.44986,-3.2576,-3.8073,2.2982,-3.57081,-3.3141,-4.1601,6.562,0.188,4.79915,0.62161,1.6,0.667,3.25,2.985,0.591,1.36,1.0
NNCP-1-Ti,-1.83714,-2.8395,-2.8715,1.57,-3.57081,-3.3141,-5.4049,6.828,0.079,4.79915,0.62161,1.4,0.667,3.65,4.507,0.591,1.54,2.0
NNCP-1-V,-1.55773,-1.7318,-2.8683,1.1689,-3.57081,-3.3141,-5.0589,6.746,0.524,4.79915,0.62161,1.35,0.667,4.25,6.11,0.591,1.63,3.0
NNCP-1-Y,-1.51646,-2.4603,-3.602,2.5942,-3.57081,-3.3141,-4.2729,6.22,0.307,4.79915,0.62161,1.8,0.667,3.2,4.472,0.591,1.22,1.0
NNCP-1-Zn,0.19068,-0.6498,-5.8522,-6.6672,-3.57081,-3.3141,-0.717,9.394,0.0,4.79915,0.62161,1.35,0.667,4.1,7.14,0.591,1.65,10.0
NNCP-1-Zr,-1.74335,-2.7471,-2.8313,1.7376,-3.57081,-3.3141,-6.2538,6.634,0.426,4.79915,0.62161,1.55,0.667,3.4,6.511,0.591,1.33,2.0
NNCS-1-Ag,0.73502,-3.8403,-4.5659,-3.7706,-3.28176,-3.4321,1.6894,7.576,1.302,-2.0183,0.0,5.71049,0.63625,8.02125,10.49,0.45,1.05563,0.75
NNCS-1-Au,0.68366,-5.2426,-5.9456,-3.2861,-3.28176,-3.4321,2.3423,9.225,2.309,-2.4188,0.0,5.71049,0.63625,8.02125,19.3,0.15,1.05563,0.75
NNCS-1-Cd,0.38284,-0.7368,-5.4994,-7.6339,-3.28176,-3.4321,0.0767,8.994,0.0,-0.3509,0.0,5.71049,0.63625,8.02125,8.65,0.05,1.05563,0.75
NNCS-1-Co,0.78396,-3.9152,-3.9463,-1.6744,-3.28176,-3.4321,1.3163,7.881,0.66,-5.1966,0.0,5.71049,0.63625,8.02125,8.9,0.1,1.05563,0.75
NNCS-1-Cr,-0.22444,-1.6383,-3.5634,-0.0056,-3.28176,-3.4321,1.5754,6.767,0.666,-3.5882,0.0,5.71049,0.63625,8.02125,7.19,0.65,1.05563,0.75
NNCS-1-Cu,0.215,-3.9515,-4.7251,-2.3336,-3.28176,-3.4321,2.0832,7.727,1.227,-3.0383,0.0,5.71049,0.63625,8.02125,8.96,0.55,1.05563,0.75
NNCS-1-Fe,0.35159,-4.2604,-4.3671,-1.1981,-3.28176,-3.4321,1.223,7.903,0.163,-4.8008,0.0,5.71049,0.63625,8.02125,7.874,0.93,1.05563,0.75
NNCS-1-Hf,-2.52047,-2.9349,-4.3792,2.1396,-3.28176,-3.4321,3.3995,6.825,0.0,-6.4029,0.0,5.71049,0.63625,8.02125,13.31,0.55,1.05563,0.75
NNCS-1-Hg,0.48393,-0.7065,-6.681,-6.1561,-3.28176,-3.4321,0.084,10.438,0.0,0.3374,0.0,5.71049,0.63625,8.02125,13.534,0.2,1.05563,0.75
NNCS-1-Ir,0.76731,-4.9944,-5.0181,-2.4149,-3.28176,-3.4321,3.7415,9.12,1.57,-7.0859,0.0,5.71049,0.63625,8.02125,22.56,0.55,1.05563,0.75
NNCS-1-Mn,0.06621,-3.4853,-4.3042,-0.5789,-3.28176,-3.4321,0.6426,7.434,0.0,-3.1315,0.0,5.71049,0.63625,8.02125,7.47,0.45,1.05563,0.75
NNCS-1-Ni,0.0518,-3.7066,-3.88,-1.5395,-3.28176,-3.4321,2.1143,7.64,1.16,-4.4744,0.0,5.71049,0.63625,8.02125,8.908,0.2,1.05563,0.75
NNCS-1-Pd,-0.44927,-3.2381,-3.9768,-1.4843,-3.28176,-3.4321,1.4095,8.337,0.557,-3.0964,0.0,5.71049,0.63625,8.02125,12.023,0.45,1.05563,0.75
NNCS-1-Pt,-0.54891,-4.9378,-5.5279,-2.3468,-3.28176,-3.4321,3.1818,9.02,2.128,-4.9436,0.0,5.71049,0.63625,8.02125,21.45,0.65,1.05563,0.75
NNCS-1-Rh,0.93324,-3.2357,-3.9932,-1.7582,-3.28176,-3.4321,2.446,7.459,1.137,-5.4804,0.0,5.71049,0.63625,8.02125,12.45,0.4,1.05563,0.75
NNCS-1-Ru,0.14569,-3.7016,-4.6195,-1.515,-3.28176,-3.4321,2.0003,7.361,1.05,-6.5823,0.0,5.71049,0.63625,8.02125,12.37,0.4,1.05563,0.75
NNCS-1-Sc,-1.44148,-3.2576,-3.8073,2.2982,-3.28176,-3.4321,1.6894,6.562,0.188,-4.1601,0.0,5.71049,0.63625,8.02125,2.985,0.25,1.05563,0.75
NNCS-1-Ti,-1.76239,-2.8395,-2.8715,1.57,-3.28176,-3.4321,1.223,6.828,0.079,-5.4049,0.0,5.71049,0.63625,8.02125,4.507,0.65,1.05563,0.75
NNCS-1-Y,-1.38891,-2.4603,-3.602,2.5942,-3.28176,-3.4321,2.7984,6.22,0.307,-4.2729,0.0,5.71049,0.63625,8.02125,4.472,0.2,1.05563,0.75
NNCS-1-Zn,0.6097,-0.6498,-5.8522,-6.6672,-3.28176,-3.4321,0.228,9.394,0.0,-0.717,0.0,5.71049,0.63625,8.02125,7.14,0.1,1.05563,0.75
NNCS-1-Zr,-2.13879,-2.7471,-2.8313,1.7376,-3.28176,-3.4321,3.0886,6.634,0.426,-6.2538,0.0,5.71049,0.63625,8.02125,6.511,0.4,1.05563,0.75
